Capability_ID,Domain,Capability_Name,V1_Description,V1_UI_Evidence,V1_API_Evidence,V1_Service_Evidence,V1_DB_Evidence,V1_Permission_Evidence,V1_Runtime_Depth,V1_Implementation_Status,Business_Criticality,Notes
CAP-001,Admin,AdminEmperor,PASS A feature record: AdminEmperor; logic=threshold logic; admin=no; tests=no.,AdminEmperor.tsx:370,yes GET — AdminEmperor.tsx:370,logic=threshold logic,db=yes (read),admin/guard=no,L4_END_TO_END_WIRED,L4_END_TO_END_WIRED,CRITICAL,Derived from reconciled PASS A implementation-depth evidence.
CAP-002,Matching,AdminEliteLeads,PASS A feature record: AdminEliteLeads; logic=no; admin=no; tests=no.,AdminEliteLeads.tsx:144,yes GET+PATCH — AdminEliteLeads.tsx:144,logic=no,db=yes,admin/guard=no,L4_END_TO_END_WIRED,L4_END_TO_END_WIRED,MAJOR,Derived from reconciled PASS A implementation-depth evidence.
CAP-003,Matching,AdminMatchmaking,PASS A feature record: AdminMatchmaking; logic=matching trigger; admin=no; tests=no.,AdminMatchmaking.tsx:138,yes GET+POST×2 — AdminMatchmaking.tsx:138,logic=matching trigger,db=no,admin/guard=no,L4_END_TO_END_WIRED,L4_END_TO_END_WIRED,MAJOR,Derived from reconciled PASS A implementation-depth evidence.
CAP-004,Membership,AdminMembership,PASS A feature record: AdminMembership; logic=rank/badge/subscription mgmt; admin=no (CRITICAL no auth); tests=no.,AdminMembership.tsx:544,yes 14 endpoints — AdminMembership.tsx:544,logic=rank/badge/subscription mgmt,db=yes,admin/guard=no (CRITICAL no auth),L4_END_TO_END_WIRED,L4_END_TO_END_WIRED,MAJOR,Derived from reconciled PASS A implementation-depth evidence.
CAP-005,Authorization,AdminActivityLog,PASS A feature record: AdminActivityLog; logic=read-only; admin=no; tests=no.,AdminActivityLog.tsx:138,yes GET — AdminActivityLog.tsx:138,logic=read-only,db=no,admin/guard=no,L4_END_TO_END_WIRED,L4_END_TO_END_WIRED,CRITICAL,Derived from reconciled PASS A implementation-depth evidence.
CAP-006,Ads,AdminAds,PASS A feature record: AdminAds; logic=approval workflow; admin=no; tests=no.,AdminAds.tsx:1926,yes CRUD+approve/reject — AdminAds.tsx:1926,logic=approval workflow,db=yes,admin/guard=no,L4_END_TO_END_WIRED,L4_END_TO_END_WIRED,CRITICAL,Derived from reconciled PASS A implementation-depth evidence.
CAP-007,Admin,AdminAnalytics,PASS A feature record: AdminAnalytics; logic=report generation; admin=no; tests=no.,AdminAnalytics.tsx:310,yes GET+POST — AdminAnalytics.tsx:310,logic=report generation,db=yes,admin/guard=no,L4_END_TO_END_WIRED,L4_END_TO_END_WIRED,CRITICAL,Derived from reconciled PASS A implementation-depth evidence.
CAP-008,Services,AdminArtisans,PASS A feature record: AdminArtisans; logic=no; admin=NONE; tests=no.,AdminArtisans.tsx:234,no (localStorage) — AdminArtisans.tsx:234,logic=no,db=no,admin/guard=NONE,L1_UI_ONLY,L1_UI_ONLY,CRITICAL,Derived from reconciled PASS A implementation-depth evidence.
CAP-009,Auctions,AdminAuctions,PASS A feature record: AdminAuctions; logic=cancel/block only; admin=no role guard; tests=no.,AdminAuctions.tsx:325,yes GET+PATCH — AdminAuctions.tsx:325,logic=cancel/block only,db=yes,admin/guard=no role guard,L3_PARTIAL_FLOW,L3_PARTIAL_FLOW,CRITICAL,Derived from reconciled PASS A implementation-depth evidence.
CAP-010,Admin,AdminBlog,PASS A feature record: AdminBlog; logic=no; admin=NONE; tests=no.,AdminBlog.tsx:247,no (localStorage) — AdminBlog.tsx:247,logic=no,db=no,admin/guard=NONE,L1_UI_ONLY,L1_UI_ONLY,CRITICAL,Derived from reconciled PASS A implementation-depth evidence.
CAP-011,Admin,AdminCategories,PASS A feature record: AdminCategories; logic=CRUD; admin=NONE (no auth); tests=no.,AdminCategories.tsx:212,yes CRUD — AdminCategories.tsx:212,logic=CRUD,db=yes,admin/guard=NONE (no auth),L4_END_TO_END_WIRED,L4_END_TO_END_WIRED,CRITICAL,Derived from reconciled PASS A implementation-depth evidence.
CAP-012,Chat,AdminChat,PASS A feature record: AdminChat; logic=moderation; admin=NONE (no auth); tests=no.,AdminChat.tsx:791,yes via service — AdminChat.tsx:791,logic=moderation,db=yes,admin/guard=NONE (no auth),L4_END_TO_END_WIRED,L4_END_TO_END_WIRED,CRITICAL,Derived from reconciled PASS A implementation-depth evidence.
CAP-013,Admin,AdminContent,PASS A feature record: AdminContent; logic=no; admin=NONE; tests=no.,AdminContent.tsx:212,no (localStorage) — AdminContent.tsx:212,logic=no,db=no,admin/guard=NONE,L1_UI_ONLY,L1_UI_ONLY,CRITICAL,Derived from reconciled PASS A implementation-depth evidence.
CAP-014,Admin,AdminDiscounts,PASS A feature record: AdminDiscounts; logic=no role guard; admin=token only; tests=no.,AdminDiscounts.tsx:406,yes CRUD — AdminDiscounts.tsx:406,logic=no role guard,db=yes,admin/guard=token only,L3_PARTIAL_FLOW,L3_PARTIAL_FLOW,CRITICAL,Derived from reconciled PASS A implementation-depth evidence.
CAP-015,Admin,AdminFreeResources,PASS A feature record: AdminFreeResources; logic=delete + localStorage; admin=NONE; tests=no.,AdminFreeResources.tsx:196,yes GET+DELETE — AdminFreeResources.tsx:196,logic=delete + localStorage,db=yes,admin/guard=NONE,L3_PARTIAL_FLOW,L3_PARTIAL_FLOW,CRITICAL,Derived from reconciled PASS A implementation-depth evidence.
CAP-016,Office Integration,AdminLicenseKeys,PASS A feature record: AdminLicenseKeys; logic=HWID lifecycle; admin=token only; tests=no.,AdminLicenseKeys.tsx:560,yes CRUD — AdminLicenseKeys.tsx:560,logic=HWID lifecycle,db=yes,admin/guard=token only,L4_END_TO_END_WIRED,L4_END_TO_END_WIRED,CRITICAL,Derived from reconciled PASS A implementation-depth evidence.
CAP-017,Admin,AdminLookups,PASS A feature record: AdminLookups; logic=no; admin=NONE; tests=no.,AdminLookups.tsx:451,no (localStorage) — AdminLookups.tsx:451,logic=no,db=no,admin/guard=NONE,L1_UI_ONLY,L1_UI_ONLY,CRITICAL,Derived from reconciled PASS A implementation-depth evidence.
CAP-018,Admin,AdminMarketRates,PASS A feature record: AdminMarketRates; logic=rate editing; admin=admin (soft useEffect); tests=no.,AdminMarketRates.tsx:308,yes GET+PUT — AdminMarketRates.tsx:308,logic=rate editing,db=yes,admin/guard=admin (soft useEffect),L4_END_TO_END_WIRED,L4_END_TO_END_WIRED,CRITICAL,Derived from reconciled PASS A implementation-depth evidence.
CAP-019,Authorization,AdminModerators,PASS A feature record: AdminModerators; logic=role management; admin=NONE (no auth); tests=no.,AdminModerators.tsx:681,yes CRUD — AdminModerators.tsx:681,logic=role management,db=yes,admin/guard=NONE (no auth),L4_END_TO_END_WIRED,L4_END_TO_END_WIRED,CRITICAL,Derived from reconciled PASS A implementation-depth evidence.
CAP-020,Admin,AdminNewsTicker,PASS A feature record: AdminNewsTicker; logic=ticker CRUD; admin=NONE (no auth); tests=no.,AdminNewsTicker.tsx:422,yes CRUD — AdminNewsTicker.tsx:422,logic=ticker CRUD,db=yes,admin/guard=NONE (no auth),L4_END_TO_END_WIRED,L4_END_TO_END_WIRED,CRITICAL,Derived from reconciled PASS A implementation-depth evidence.
CAP-021,Notifications,AdminNotifications,PASS A feature record: AdminNotifications; logic=no; admin=NONE; tests=no.,AdminNotifications.tsx:267,no (localStorage) — AdminNotifications.tsx:267,logic=no,db=no,admin/guard=NONE,L1_UI_ONLY,L1_UI_ONLY,MAJOR,Derived from reconciled PASS A implementation-depth evidence.
CAP-022,Admin,AdminPayments,PASS A feature record: AdminPayments; logic=confirm/reject; admin=admin role; tests=no.,AdminPayments.tsx:330,yes GET+PATCH — AdminPayments.tsx:330,logic=confirm/reject,db=yes,admin/guard=admin role,L4_END_TO_END_WIRED,L4_END_TO_END_WIRED,CRITICAL,Derived from reconciled PASS A implementation-depth evidence.
CAP-023,Membership,AdminPlans,PASS A feature record: AdminPlans; logic=no role guard; admin=token only; tests=no.,AdminPlans.tsx:469,yes CRUD — AdminPlans.tsx:469,logic=no role guard,db=yes,admin/guard=token only,L3_PARTIAL_FLOW,L3_PARTIAL_FLOW,MAJOR,Derived from reconciled PASS A implementation-depth evidence.
CAP-024,Properties,AdminProperties,PASS A feature record: AdminProperties; logic=approve/reject; admin=NONE; tests=no.,AdminProperties.tsx:401,yes GET + localStorage — AdminProperties.tsx:401,logic=approve/reject,db=yes,admin/guard=NONE,L3_PARTIAL_FLOW,L3_PARTIAL_FLOW,CRITICAL,Derived from reconciled PASS A implementation-depth evidence.
CAP-025,Auctions,AdminRelistMonitoring,PASS A feature record: AdminRelistMonitoring; logic=verify/reject/clear; admin=token only; tests=no.,AdminRelistMonitoring.tsx:386,yes GET+POST — AdminRelistMonitoring.tsx:386,logic=verify/reject/clear,db=yes,admin/guard=token only,L4_END_TO_END_WIRED,L4_END_TO_END_WIRED,CRITICAL,Derived from reconciled PASS A implementation-depth evidence.
CAP-026,Admin,AdminReports,PASS A feature record: AdminReports; logic=no; admin=NONE; tests=no.,AdminReports.tsx:373,no (localStorage) — AdminReports.tsx:373,logic=no,db=no,admin/guard=NONE,L1_UI_ONLY,L1_UI_ONLY,CRITICAL,Derived from reconciled PASS A implementation-depth evidence.
CAP-027,Admin,AdminSEO,PASS A feature record: AdminSEO; logic=no; admin=NONE; tests=no.,AdminSEO.tsx:608,no (localStorage) — AdminSEO.tsx:608,logic=no,db=no,admin/guard=NONE,L1_UI_ONLY,L1_UI_ONLY,CRITICAL,Derived from reconciled PASS A implementation-depth evidence.
CAP-028,Services,AdminServiceMarket,PASS A feature record: AdminServiceMarket; logic=category management; admin=NONE; tests=no.,AdminServiceMarket.tsx:425,yes CRUD — AdminServiceMarket.tsx:425,logic=category management,db=yes,admin/guard=NONE,L4_END_TO_END_WIRED,L4_END_TO_END_WIRED,CRITICAL,Derived from reconciled PASS A implementation-depth evidence.
CAP-029,Services,AdminServiceReviews,PASS A feature record: AdminServiceReviews; logic=blacklist; admin=token only; tests=no.,AdminServiceReviews.tsx:307,yes GET+DELETE+PATCH — AdminServiceReviews.tsx:307,logic=blacklist,db=yes,admin/guard=token only,L4_END_TO_END_WIRED,L4_END_TO_END_WIRED,CRITICAL,Derived from reconciled PASS A implementation-depth evidence.
CAP-030,Admin,AdminSettings,PASS A feature record: AdminSettings; logic=no; admin=NONE; tests=no.,AdminSettings.tsx:509,no (localStorage) — AdminSettings.tsx:509,logic=no,db=no,admin/guard=NONE,L1_UI_ONLY,L1_UI_ONLY,CRITICAL,Derived from reconciled PASS A implementation-depth evidence.
CAP-031,Office Integration,AdminSoftwareLicenses,PASS A feature record: AdminSoftwareLicenses; logic=license lifecycle; admin=admin role; tests=no.,AdminSoftwareLicenses.tsx:205,yes CRUD — AdminSoftwareLicenses.tsx:205,logic=license lifecycle,db=yes,admin/guard=admin role,L4_END_TO_END_WIRED,L4_END_TO_END_WIRED,CRITICAL,Derived from reconciled PASS A implementation-depth evidence.
CAP-032,Services,AdminTenders,PASS A feature record: AdminTenders; logic=cancel only; admin=token only; tests=no.,AdminTenders.tsx:103,yes GET+PATCH — AdminTenders.tsx:103,logic=cancel only,db=yes,admin/guard=token only,L3_PARTIAL_FLOW,L3_PARTIAL_FLOW,CRITICAL,Derived from reconciled PASS A implementation-depth evidence.
CAP-033,Admin,AdminTickets,PASS A feature record: AdminTickets; logic=no; admin=NONE; tests=no.,AdminTickets.tsx:424,no (localStorage) — AdminTickets.tsx:424,logic=no,db=no,admin/guard=NONE,L1_UI_ONLY,L1_UI_ONLY,CRITICAL,Derived from reconciled PASS A implementation-depth evidence.
CAP-034,Identity,AdminUsers,PASS A feature record: AdminUsers; logic=mass operations; admin=NONE; tests=no.,AdminUsers.tsx:1049,localStorage + apiRequest — AdminUsers.tsx:1049,logic=mass operations,db=yes,admin/guard=NONE,L3_PARTIAL_FLOW,L3_PARTIAL_FLOW,CRITICAL,Derived from reconciled PASS A implementation-depth evidence.
CAP-035,Identity,AdminUsersPage,PASS A feature record: AdminUsersPage; logic=no; admin=no; tests=no.,none recorded,no — Empty 0-byte file,logic=no,db=no,admin/guard=no,L0_IDEA_ONLY,V1_STUB,CRITICAL,Derived from reconciled PASS A implementation-depth evidence.
CAP-036,Admin,AdminVerification,PASS A feature record: AdminVerification; logic=approve/reject; admin=admin role; tests=no.,AdminVerification.tsx:197,yes GET+PATCH — AdminVerification.tsx:197,logic=approve/reject,db=yes,admin/guard=admin role,L4_END_TO_END_WIRED,L4_END_TO_END_WIRED,CRITICAL,Derived from reconciled PASS A implementation-depth evidence.
CAP-037,UX,About,PASS A feature record: About; logic=no; admin=no; tests=no.,About.tsx:283,no — About.tsx:283,logic=no,db=no,admin/guard=no,L1_UI_ONLY,L1_UI_ONLY,MAJOR,Derived from reconciled PASS A implementation-depth evidence.
CAP-038,Ads,Advertise,PASS A feature record: Advertise; logic=no; admin=no; tests=no.,Advertise.tsx:373,no — Advertise.tsx:373,logic=no,db=no,admin/guard=no,L1_UI_ONLY,L1_UI_ONLY,CRITICAL,Derived from reconciled PASS A implementation-depth evidence.
CAP-039,Tools,ArchitecturalConsultant,PASS A feature record: ArchitecturalConsultant; logic=20+ engineering engines; admin=no; tests=no.,ArchitecturalConsultant.tsx:2384,no (local engines) — ArchitecturalConsultant.tsx:2384,logic=20+ engineering engines,db=no,admin/guard=no,L4_END_TO_END_WIRED,L4_END_TO_END_WIRED,MAJOR,Derived from reconciled PASS A implementation-depth evidence.
CAP-040,Services,ArtisanDashboard,PASS A feature record: ArtisanDashboard; logic=artisan data mgmt; admin=token; tests=no.,ArtisanDashboard.tsx:399,yes via lib — ArtisanDashboard.tsx:399,logic=artisan data mgmt,db=yes,admin/guard=token,L4_END_TO_END_WIRED,L4_END_TO_END_WIRED,CRITICAL,Derived from reconciled PASS A implementation-depth evidence.
CAP-041,Auctions,AuctionDetail,PASS A feature record: AuctionDetail; logic=bidding + countdown; admin=no (auth for bid); tests=no.,AuctionDetail.tsx:410,yes GET+POST — AuctionDetail.tsx:410,logic=bidding + countdown,db=yes,admin/guard=no (auth for bid),L4_END_TO_END_WIRED,L4_END_TO_END_WIRED,CRITICAL,Derived from reconciled PASS A implementation-depth evidence.
CAP-042,Auctions,AuctionFAQ,PASS A feature record: AuctionFAQ; logic=no; admin=no; tests=no.,AuctionFAQ.tsx:162,no — AuctionFAQ.tsx:162,logic=no,db=no,admin/guard=no,L1_UI_ONLY,L1_UI_ONLY,CRITICAL,Derived from reconciled PASS A implementation-depth evidence.
CAP-043,Auctions,AuctionHistory,PASS A feature record: AuctionHistory; logic=price history; admin=no; tests=no.,AuctionHistory.tsx:173,yes GET — AuctionHistory.tsx:173,logic=price history,db=yes,admin/guard=no,L3_PARTIAL_FLOW,L3_PARTIAL_FLOW,CRITICAL,Derived from reconciled PASS A implementation-depth evidence.
CAP-044,Auctions,Auctions,PASS A feature record: Auctions; logic=filters; admin=no; tests=no.,Auctions.tsx:196,yes GET — Auctions.tsx:196,logic=filters,db=yes,admin/guard=no,L3_PARTIAL_FLOW,L3_PARTIAL_FLOW,CRITICAL,Derived from reconciled PASS A implementation-depth evidence.
CAP-045,Auctions,AuctionStats,PASS A feature record: AuctionStats; logic=PDF export; admin=no; tests=no.,AuctionStats.tsx:183,yes GET — AuctionStats.tsx:183,logic=PDF export,db=yes,admin/guard=no,L3_PARTIAL_FLOW,L3_PARTIAL_FLOW,CRITICAL,Derived from reconciled PASS A implementation-depth evidence.
CAP-046,Auctions,AuctionTerms,PASS A feature record: AuctionTerms; logic=no; admin=no; tests=no.,AuctionTerms.tsx:205,no — AuctionTerms.tsx:205,logic=no,db=no,admin/guard=no,L1_UI_ONLY,L1_UI_ONLY,CRITICAL,Derived from reconciled PASS A implementation-depth evidence.
CAP-047,UX,Blog,PASS A feature record: Blog; logic=category filter; admin=no; tests=no.,Blog.tsx:199,yes GET — Blog.tsx:199,logic=category filter,db=yes,admin/guard=no,L3_PARTIAL_FLOW,L3_PARTIAL_FLOW,MAJOR,Derived from reconciled PASS A implementation-depth evidence.
CAP-048,UX,BlogPostDetail,PASS A feature record: BlogPostDetail; logic=comments (localStorage); admin=no; tests=no.,BlogPostDetail.tsx:257,yes GET — BlogPostDetail.tsx:257,logic=comments (localStorage),db=yes,admin/guard=no,L3_PARTIAL_FLOW,L3_PARTIAL_FLOW,MAJOR,Derived from reconciled PASS A implementation-depth evidence.
CAP-049,Office Integration,BuyLicense,PASS A feature record: BuyLicense; logic=PayPal/Thawani/bank; admin=no (auth for purchase); tests=no.,BuyLicense.tsx:482,yes multiple — BuyLicense.tsx:482,logic=PayPal/Thawani/bank,db=yes,admin/guard=no (auth for purchase),L4_END_TO_END_WIRED,L4_END_TO_END_WIRED,CRITICAL,Derived from reconciled PASS A implementation-depth evidence.
CAP-050,UX,ConsultantDashboard,PASS A feature record: ConsultantDashboard; logic=no; admin=no; tests=no.,ConsultantDashboard.tsx:463,no (mock) — ConsultantDashboard.tsx:463,logic=no,db=no,admin/guard=no,L1_UI_ONLY,L1_UI_ONLY,MAJOR,Derived from reconciled PASS A implementation-depth evidence.
CAP-051,UX,Contact,PASS A feature record: Contact; logic=no; admin=no; tests=no.,Contact.tsx:124,no (mock) — Contact.tsx:124,logic=no,db=no,admin/guard=no,L1_UI_ONLY,L1_UI_ONLY,MAJOR,Derived from reconciled PASS A implementation-depth evidence.
CAP-052,Organizations,CreateCompany,PASS A feature record: CreateCompany; logic=localStorage company; admin=no; tests=no.,CreateCompany.tsx:97,yes context — CreateCompany.tsx:97,logic=localStorage company,db=yes,admin/guard=no,L3_PARTIAL_FLOW,L3_PARTIAL_FLOW,MAJOR,Derived from reconciled PASS A implementation-depth evidence.
CAP-053,UX,Dashboard,PASS A feature record: Dashboard; logic=property mgmt + API key; admin=token; tests=no.,Dashboard.tsx:487,yes multiple — Dashboard.tsx:487,logic=property mgmt + API key,db=yes,admin/guard=token,L4_END_TO_END_WIRED,L4_END_TO_END_WIRED,MAJOR,Derived from reconciled PASS A implementation-depth evidence.
CAP-054,Auctions,DashboardAuctions,PASS A feature record: DashboardAuctions; logic=create/cancel/proof; admin=token; tests=no.,DashboardAuctions.tsx:264,yes multiple — DashboardAuctions.tsx:264,logic=create/cancel/proof,db=yes,admin/guard=token,L4_END_TO_END_WIRED,L4_END_TO_END_WIRED,CRITICAL,Derived from reconciled PASS A implementation-depth evidence.
CAP-055,Auctions,DashboardBids,PASS A feature record: DashboardBids; logic=bid tracking; admin=token; tests=no.,DashboardBids.tsx:194,yes GET — DashboardBids.tsx:194,logic=bid tracking,db=yes,admin/guard=token,L3_PARTIAL_FLOW,L3_PARTIAL_FLOW,CRITICAL,Derived from reconciled PASS A implementation-depth evidence.
CAP-056,UX,DashboardPage,PASS A feature record: DashboardPage; logic=no; admin=no; tests=no.,none recorded,no — Empty 0-byte file,logic=no,db=no,admin/guard=no,L0_IDEA_ONLY,V1_STUB,MAJOR,Derived from reconciled PASS A implementation-depth evidence.
CAP-057,Identity,DashboardProfile,PASS A feature record: DashboardProfile; logic=avatar upload; admin=token; tests=no.,DashboardProfile.tsx:194,yes PUT — DashboardProfile.tsx:194,logic=avatar upload,db=yes,admin/guard=token,L3_PARTIAL_FLOW,L3_PARTIAL_FLOW,CRITICAL,Derived from reconciled PASS A implementation-depth evidence.
CAP-058,Services,DashboardTenderBids,PASS A feature record: DashboardTenderBids; logic=bid tracking; admin=token; tests=no.,DashboardTenderBids.tsx:94,yes GET — DashboardTenderBids.tsx:94,logic=bid tracking,db=yes,admin/guard=token,L3_PARTIAL_FLOW,L3_PARTIAL_FLOW,CRITICAL,Derived from reconciled PASS A implementation-depth evidence.
CAP-059,Services,DashboardTenders,PASS A feature record: DashboardTenders; logic=tender CRUD; admin=token; tests=no.,DashboardTenders.tsx:126,yes GET+POST+DELETE — DashboardTenders.tsx:126,logic=tender CRUD,db=yes,admin/guard=token,L4_END_TO_END_WIRED,L4_END_TO_END_WIRED,CRITICAL,Derived from reconciled PASS A implementation-depth evidence.
CAP-060,Identity,DevLogin,PASS A feature record: DevLogin; logic=blocked in prod; admin=prod-blocked; tests=no.,DevLogin.tsx:68,no (localStorage) — DevLogin.tsx:68,logic=blocked in prod,db=no,admin/guard=prod-blocked,L1_UI_ONLY,L1_UI_ONLY,CRITICAL,Derived from reconciled PASS A implementation-depth evidence.
CAP-061,Office Integration,Download,PASS A feature record: Download; logic=trial license gen; admin=optional auth; tests=no.,Download.tsx:426,yes multiple — Download.tsx:426,logic=trial license gen,db=yes,admin/guard=optional auth,L3_PARTIAL_FLOW,L3_PARTIAL_FLOW,CRITICAL,Derived from reconciled PASS A implementation-depth evidence.
CAP-062,Properties,Estates,PASS A feature record: Estates; logic=listings + auctions; admin=no; tests=no.,Estates.tsx:416,yes multiple — Estates.tsx:416,logic=listings + auctions,db=yes,admin/guard=no,L3_PARTIAL_FLOW,L3_PARTIAL_FLOW,CRITICAL,Derived from reconciled PASS A implementation-depth evidence.
CAP-063,UX,FreeResources,PASS A feature record: FreeResources; logic=download + block; admin=no (admin for upload); tests=no.,FreeResources.tsx:457,yes GET+DELETE — FreeResources.tsx:457,logic=download + block,db=yes,admin/guard=no (admin for upload),L3_PARTIAL_FLOW,L3_PARTIAL_FLOW,MAJOR,Derived from reconciled PASS A implementation-depth evidence.
CAP-064,UX,Home,PASS A feature record: Home; logic=hero slideshow + featured; admin=no; tests=no.,Home.tsx:186,yes GET — Home.tsx:186,logic=hero slideshow + featured,db=yes,admin/guard=no,L3_PARTIAL_FLOW,L3_PARTIAL_FLOW,MAJOR,Derived from reconciled PASS A implementation-depth evidence.
CAP-065,Chat,InboxPage,PASS A feature record: InboxPage; logic=no; admin=no; tests=no.,InboxPage.tsx:16,no (delegates) — InboxPage.tsx:16,logic=no,db=no,admin/guard=no,L1_UI_ONLY,L1_UI_ONLY,CRITICAL,Derived from reconciled PASS A implementation-depth evidence.
CAP-066,Office Integration,InvestmentRadar,PASS A feature record: InvestmentRadar; logic=city scoring + radar; admin=no; tests=no.,InvestmentRadar.tsx:473,yes GET — InvestmentRadar.tsx:473,logic=city scoring + radar,db=yes,admin/guard=no,L3_PARTIAL_FLOW,L3_PARTIAL_FLOW,CRITICAL,Derived from reconciled PASS A implementation-depth evidence.
CAP-067,UX,JoinFounders,PASS A feature record: JoinFounders; logic=registration form; admin=no; tests=no.,JoinFounders.tsx:420,yes POST — JoinFounders.tsx:420,logic=registration form,db=yes,admin/guard=no,L4_END_TO_END_WIRED,L4_END_TO_END_WIRED,MAJOR,Derived from reconciled PASS A implementation-depth evidence.
CAP-068,Organizations,LandingCorporates,PASS A feature record: LandingCorporates; logic=no; admin=no; tests=no.,LandingCorporates.tsx:147,no — LandingCorporates.tsx:147,logic=no,db=no,admin/guard=no,L1_UI_ONLY,L1_UI_ONLY,MAJOR,Derived from reconciled PASS A implementation-depth evidence.
CAP-069,Organizations,LandingOffices,PASS A feature record: LandingOffices; logic=no; admin=no; tests=no.,LandingOffices.tsx:202,no — LandingOffices.tsx:202,logic=no,db=no,admin/guard=no,L1_UI_ONLY,L1_UI_ONLY,MAJOR,Derived from reconciled PASS A implementation-depth evidence.
CAP-070,Geography,LandingProfessionals,PASS A feature record: LandingProfessionals; logic=no; admin=no; tests=no.,LandingProfessionals.tsx:147,no — LandingProfessionals.tsx:147,logic=no,db=no,admin/guard=no,L1_UI_ONLY,L1_UI_ONLY,MAJOR,Derived from reconciled PASS A implementation-depth evidence.
CAP-071,Identity,Login,PASS A feature record: Login; logic=no; admin=no; tests=no.,Login.tsx:117,no (delegates) — Login.tsx:117,logic=no,db=no,admin/guard=no,L1_UI_ONLY,L1_UI_ONLY,CRITICAL,Derived from reconciled PASS A implementation-depth evidence.
CAP-072,UX,MarketHistory,PASS A feature record: MarketHistory; logic=charts + PDF; admin=no; tests=no.,MarketHistory.tsx:278,yes GET — MarketHistory.tsx:278,logic=charts + PDF,db=yes,admin/guard=no,L3_PARTIAL_FLOW,L3_PARTIAL_FLOW,MAJOR,Derived from reconciled PASS A implementation-depth evidence.
CAP-073,Chat,Messages,PASS A feature record: Messages; logic=no; admin=no; tests=no.,Messages.tsx:21,no (delegates) — Messages.tsx:21,logic=no,db=no,admin/guard=no,L1_UI_ONLY,L1_UI_ONLY,CRITICAL,Derived from reconciled PASS A implementation-depth evidence.
CAP-074,Authorization,ModeratorPanel,PASS A feature record: ModeratorPanel; logic=property approval; admin=moderator role; tests=no.,ModeratorPanel.tsx:148,yes GET+POST — ModeratorPanel.tsx:148,logic=property approval,db=yes,admin/guard=moderator role,L4_END_TO_END_WIRED,L4_END_TO_END_WIRED,CRITICAL,Derived from reconciled PASS A implementation-depth evidence.
CAP-075,UX,MyCompanies,PASS A feature record: MyCompanies; logic=company mgmt; admin=token; tests=no.,MyCompanies.tsx:123,yes context — MyCompanies.tsx:123,logic=company mgmt,db=yes,admin/guard=token,L3_PARTIAL_FLOW,L3_PARTIAL_FLOW,MAJOR,Derived from reconciled PASS A implementation-depth evidence.
CAP-076,Properties,MyPropertyRequests,PASS A feature record: MyPropertyRequests; logic=request + offer mgmt; admin=token; tests=no.,MyPropertyRequests.tsx:189,yes GET+POST — MyPropertyRequests.tsx:189,logic=request + offer mgmt,db=yes,admin/guard=token,L4_END_TO_END_WIRED,L4_END_TO_END_WIRED,CRITICAL,Derived from reconciled PASS A implementation-depth evidence.
CAP-077,Services,MyServiceDashboard,PASS A feature record: MyServiceDashboard; logic=service CRUD; admin=token; tests=no.,MyServiceDashboard.tsx:475,yes CRUD — MyServiceDashboard.tsx:475,logic=service CRUD,db=yes,admin/guard=token,L4_END_TO_END_WIRED,L4_END_TO_END_WIRED,CRITICAL,Derived from reconciled PASS A implementation-depth evidence.
CAP-078,UX,not-found,PASS A feature record: not-found; logic=no; admin=no; tests=no.,not-found.tsx:26,no — not-found.tsx:26,logic=no,db=no,admin/guard=no,L1_UI_ONLY,L1_UI_ONLY,MAJOR,Derived from reconciled PASS A implementation-depth evidence.
CAP-079,Organizations,OfficeDetail,PASS A feature record: OfficeDetail; logic=office profile; admin=no; tests=no.,OfficeDetail.tsx:254,yes GET — OfficeDetail.tsx:254,logic=office profile,db=yes,admin/guard=no,L3_PARTIAL_FLOW,L3_PARTIAL_FLOW,MAJOR,Derived from reconciled PASS A implementation-depth evidence.
CAP-080,Organizations,OfficeRequests,PASS A feature record: OfficeRequests; logic=request + offer mgmt; admin=token; tests=no.,OfficeRequests.tsx:183,yes multiple — OfficeRequests.tsx:183,logic=request + offer mgmt,db=yes,admin/guard=token,L4_END_TO_END_WIRED,L4_END_TO_END_WIRED,MAJOR,Derived from reconciled PASS A implementation-depth evidence.
CAP-081,Organizations,Offices,PASS A feature record: Offices; logic=favorites + compare; admin=no; tests=no.,Offices.tsx:384,yes GET — Offices.tsx:384,logic=favorites + compare,db=yes,admin/guard=no,L3_PARTIAL_FLOW,L3_PARTIAL_FLOW,MAJOR,Derived from reconciled PASS A implementation-depth evidence.
CAP-082,Services,OtherServices,PASS A feature record: OtherServices; logic=service listing; admin=no; tests=no.,OtherServices.tsx:234,yes GET — OtherServices.tsx:234,logic=service listing,db=yes,admin/guard=no,L3_PARTIAL_FLOW,L3_PARTIAL_FLOW,CRITICAL,Derived from reconciled PASS A implementation-depth evidence.
CAP-083,Organizations,PartnerDashboard,PASS A feature record: PartnerDashboard; logic=campaigns + leads + analytics; admin=partner_key; tests=no.,PartnerDashboard.tsx:507,yes multiple — PartnerDashboard.tsx:507,logic=campaigns + leads + analytics,db=yes,admin/guard=partner_key,L4_END_TO_END_WIRED,L4_END_TO_END_WIRED,MAJOR,Derived from reconciled PASS A implementation-depth evidence.
CAP-084,Organizations,PartnerPortal,PASS A feature record: PartnerPortal; logic=no; admin=no; tests=no.,PartnerPortal.tsx:117,yes POST (login) — PartnerPortal.tsx:117,logic=no,db=no,admin/guard=no,L1_UI_ONLY,L1_UI_ONLY,MAJOR,Derived from reconciled PASS A implementation-depth evidence.
CAP-085,UX,PaymentReturn,PASS A feature record: PaymentReturn; logic=payment verification; admin=no; tests=no.,PaymentReturn.tsx:95,yes GET (verify) — PaymentReturn.tsx:95,logic=payment verification,db=yes,admin/guard=no,L3_PARTIAL_FLOW,L3_PARTIAL_FLOW,MAJOR,Derived from reconciled PASS A implementation-depth evidence.
CAP-086,Membership,Pricing,PASS A feature record: Pricing; logic=plan listing + promos; admin=no; tests=no.,Pricing.tsx:331,yes GET — Pricing.tsx:331,logic=plan listing + promos,db=yes,admin/guard=no,L3_PARTIAL_FLOW,L3_PARTIAL_FLOW,MAJOR,Derived from reconciled PASS A implementation-depth evidence.
CAP-087,Membership,PricingComingSoon,PASS A feature record: PricingComingSoon; logic=no; admin=no; tests=no.,PricingComingSoon.tsx:68,no — PricingComingSoon.tsx:68,logic=no,db=no,admin/guard=no,L1_UI_ONLY,L1_UI_ONLY,MAJOR,Derived from reconciled PASS A implementation-depth evidence.
CAP-088,UX,Privacy,PASS A feature record: Privacy; logic=no; admin=no; tests=no.,Privacy.tsx:195,no — Privacy.tsx:195,logic=no,db=no,admin/guard=no,L1_UI_ONLY,L1_UI_ONLY,MAJOR,Derived from reconciled PASS A implementation-depth evidence.
CAP-089,Identity,Profile,PASS A feature record: Profile; logic=ranks + badges + gallery; admin=no; tests=no.,Profile.tsx:960,yes GET — Profile.tsx:960,logic=ranks + badges + gallery,db=yes,admin/guard=no,L3_PARTIAL_FLOW,L3_PARTIAL_FLOW,CRITICAL,Derived from reconciled PASS A implementation-depth evidence.
CAP-090,Identity,ProfilePage,PASS A feature record: ProfilePage; logic=alternative profile view; admin=no; tests=no.,ProfilePage.tsx:197,yes GET — ProfilePage.tsx:197,logic=alternative profile view,db=yes,admin/guard=no,L3_PARTIAL_FLOW,L3_PARTIAL_FLOW,CRITICAL,Derived from reconciled PASS A implementation-depth evidence.
CAP-091,Identity,ProjectVerify,PASS A feature record: ProjectVerify; logic=QR verification chain; admin=no; tests=no.,ProjectVerify.tsx:235,yes GET — ProjectVerify.tsx:235,logic=QR verification chain,db=yes,admin/guard=no,L4_END_TO_END_WIRED,L4_END_TO_END_WIRED,CRITICAL,Derived from reconciled PASS A implementation-depth evidence.
CAP-092,Properties,Properties,PASS A feature record: Properties; logic=map + filters + compare + favorites + save_search; admin=no (auth for save); tests=no.,Properties.tsx:1732,yes multiple — Properties.tsx:1732,logic=map + filters + compare + favorites + save_search,db=yes,admin/guard=no (auth for save),L4_END_TO_END_WIRED,L4_END_TO_END_WIRED,CRITICAL,Derived from reconciled PASS A implementation-depth evidence.
CAP-093,Properties,PropertyDetail,PASS A feature record: PropertyDetail; logic=gallery + map + finance + inquiry; admin=no (auth for actions); tests=no.,PropertyDetail.tsx:770,yes multiple — PropertyDetail.tsx:770,logic=gallery + map + finance + inquiry,db=yes,admin/guard=no (auth for actions),L4_END_TO_END_WIRED,L4_END_TO_END_WIRED,CRITICAL,Derived from reconciled PASS A implementation-depth evidence.
CAP-094,Identity,Register,PASS A feature record: Register; logic=registration form; admin=no; tests=no.,Register.tsx:812,yes POST — Register.tsx:812,logic=registration form,db=yes,admin/guard=no,L4_END_TO_END_WIRED,L4_END_TO_END_WIRED,CRITICAL,Derived from reconciled PASS A implementation-depth evidence.
CAP-095,Identity,ResetPassword,PASS A feature record: ResetPassword; logic=token reset; admin=no; tests=no.,ResetPassword.tsx:122,yes POST — ResetPassword.tsx:122,logic=token reset,db=yes,admin/guard=no,L3_PARTIAL_FLOW,L3_PARTIAL_FLOW,CRITICAL,Derived from reconciled PASS A implementation-depth evidence.
CAP-096,Services,ServiceDetail,PASS A feature record: ServiceDetail; logic=service detail; admin=no; tests=no.,ServiceDetail.tsx:182,yes GET — ServiceDetail.tsx:182,logic=service detail,db=yes,admin/guard=no,L3_PARTIAL_FLOW,L3_PARTIAL_FLOW,CRITICAL,Derived from reconciled PASS A implementation-depth evidence.
CAP-097,Services,ServiceHub,PASS A feature record: ServiceHub; logic=artisan hub + bookings + reviews; admin=token; tests=no.,ServiceHub.tsx:2530,yes multiple — ServiceHub.tsx:2530,logic=artisan hub + bookings + reviews,db=yes,admin/guard=token,L4_END_TO_END_WIRED,L4_END_TO_END_WIRED,CRITICAL,Derived from reconciled PASS A implementation-depth evidence.
CAP-098,Services,ServiceHubPage,PASS A feature record: ServiceHubPage; logic=no; admin=no; tests=no.,none recorded,no — ServiceHubPage.tsx — empty 0-byte file,logic=no,db=no,admin/guard=no,L0_IDEA_ONLY,V1_STUB,CRITICAL,Derived from reconciled PASS A implementation-depth evidence.
CAP-099,UX,Software,PASS A feature record: Software; logic=product showcase; admin=no; tests=no.,Software.tsx:175,yes GET — Software.tsx:175,logic=product showcase,db=no,admin/guard=no,L1_UI_ONLY,L1_UI_ONLY,MAJOR,Derived from reconciled PASS A implementation-depth evidence.
CAP-100,Properties,SubmitProperty,PASS A feature record: SubmitProperty; logic=property creation form; admin=token; tests=no.,SubmitProperty.tsx:552,yes POST — SubmitProperty.tsx:552,logic=property creation form,db=yes,admin/guard=token,L4_END_TO_END_WIRED,L4_END_TO_END_WIRED,CRITICAL,Derived from reconciled PASS A implementation-depth evidence.
CAP-101,UX,Subscribe,PASS A feature record: Subscribe; logic=payment gateway; admin=auth; tests=no.,Subscribe.tsx:774,yes multiple — Subscribe.tsx:774,logic=payment gateway,db=yes,admin/guard=auth,L4_END_TO_END_WIRED,L4_END_TO_END_WIRED,MAJOR,Derived from reconciled PASS A implementation-depth evidence.
CAP-102,Services,SupplierDetail,PASS A feature record: SupplierDetail; logic=supplier profile; admin=no; tests=no.,SupplierDetail.tsx:129,yes GET — SupplierDetail.tsx:129,logic=supplier profile,db=yes,admin/guard=no,L3_PARTIAL_FLOW,L3_PARTIAL_FLOW,CRITICAL,Derived from reconciled PASS A implementation-depth evidence.
CAP-103,Services,Suppliers,PASS A feature record: Suppliers; logic=marketplace listing; admin=no; tests=no.,Suppliers.tsx:230,yes GET — Suppliers.tsx:230,logic=marketplace listing,db=yes,admin/guard=no,L3_PARTIAL_FLOW,L3_PARTIAL_FLOW,CRITICAL,Derived from reconciled PASS A implementation-depth evidence.
CAP-104,Chat,TechnicianInbox,PASS A feature record: TechnicianInbox; logic=real-time job inbox + ringing; admin=token; tests=no.,TechnicianInbox.tsx:745,yes multiple — TechnicianInbox.tsx:745,logic=real-time job inbox + ringing,db=yes,admin/guard=token,L4_END_TO_END_WIRED,L4_END_TO_END_WIRED,CRITICAL,Derived from reconciled PASS A implementation-depth evidence.
CAP-105,UX,TechnicianSettings,PASS A feature record: TechnicianSettings; logic=settings update; admin=token; tests=no.,TechnicianSettings.tsx:319,yes PUT — TechnicianSettings.tsx:319,logic=settings update,db=yes,admin/guard=token,L3_PARTIAL_FLOW,L3_PARTIAL_FLOW,MAJOR,Derived from reconciled PASS A implementation-depth evidence.
CAP-106,Services,TenderCreate,PASS A feature record: TenderCreate; logic=tender creation form; admin=token; tests=no.,TenderCreate.tsx:134,yes POST — TenderCreate.tsx:134,logic=tender creation form,db=yes,admin/guard=token,L4_END_TO_END_WIRED,L4_END_TO_END_WIRED,CRITICAL,Derived from reconciled PASS A implementation-depth evidence.
CAP-107,Services,TenderDetail,PASS A feature record: TenderDetail; logic=bid submission + award; admin=token; tests=no.,TenderDetail.tsx:318,yes multiple — TenderDetail.tsx:318,logic=bid submission + award,db=yes,admin/guard=token,L4_END_TO_END_WIRED,L4_END_TO_END_WIRED,CRITICAL,Derived from reconciled PASS A implementation-depth evidence.
CAP-108,Services,Tenders,PASS A feature record: Tenders; logic=listing with filters; admin=no (auth for create); tests=no.,Tenders.tsx:183,yes GET — Tenders.tsx:183,logic=listing with filters,db=yes,admin/guard=no (auth for create),L3_PARTIAL_FLOW,L3_PARTIAL_FLOW,CRITICAL,Derived from reconciled PASS A implementation-depth evidence.
CAP-109,UX,Terms,PASS A feature record: Terms; logic=no; admin=no; tests=no.,Terms.tsx:160,no — Terms.tsx:160,logic=no,db=no,admin/guard=no,L1_UI_ONLY,L1_UI_ONLY,MAJOR,Derived from reconciled PASS A implementation-depth evidence.
CAP-110,Tools,Tools,PASS A feature record: Tools; logic=coordinate + UTM + area + deed; admin=no (auth for some); tests=no.,Tools.tsx:2034,yes multiple — Tools.tsx:2034,logic=coordinate + UTM + area + deed,db=yes,admin/guard=no (auth for some),L4_END_TO_END_WIRED,L4_END_TO_END_WIRED,MAJOR,Derived from reconciled PASS A implementation-depth evidence.
CAP-111,Services,UpgradeToArtisan,PASS A feature record: UpgradeToArtisan; logic=account upgrade; admin=token; tests=no.,UpgradeToArtisan.tsx:164,yes GET — UpgradeToArtisan.tsx:164,logic=account upgrade,db=yes,admin/guard=token,L3_PARTIAL_FLOW,L3_PARTIAL_FLOW,CRITICAL,Derived from reconciled PASS A implementation-depth evidence.
CAP-112,Services,VehicleServices,PASS A feature record: VehicleServices; logic=vehicle service marketplace; admin=no; tests=no.,VehicleServices.tsx:1192,yes multiple — VehicleServices.tsx:1192,logic=vehicle service marketplace,db=yes,admin/guard=no,L4_END_TO_END_WIRED,L4_END_TO_END_WIRED,CRITICAL,Derived from reconciled PASS A implementation-depth evidence.
CAP-113,Notifications,VerifyEmail,PASS A feature record: VerifyEmail; logic=token verification; admin=no; tests=no.,VerifyEmail.tsx:76,yes POST — VerifyEmail.tsx:76,logic=token verification,db=yes,admin/guard=no,L3_PARTIAL_FLOW,L3_PARTIAL_FLOW,MAJOR,Derived from reconciled PASS A implementation-depth evidence.
CAP-114,Office Integration,VerifyLicense,PASS A feature record: VerifyLicense; logic=license validation; admin=no; tests=no.,VerifyLicense.tsx:150,yes POST — VerifyLicense.tsx:150,logic=license validation,db=yes,admin/guard=no,L3_PARTIAL_FLOW,L3_PARTIAL_FLOW,CRITICAL,Derived from reconciled PASS A implementation-depth evidence.
CAP-115,UX,WriteBlog,PASS A feature record: WriteBlog; logic=blog creation form; admin=token; tests=no.,WriteBlog.tsx:139,yes POST — WriteBlog.tsx:139,logic=blog creation form,db=yes,admin/guard=token,L4_END_TO_END_WIRED,L4_END_TO_END_WIRED,MAJOR,Derived from reconciled PASS A implementation-depth evidence.
CAP-116,Admin,AdminMarketers,PASS A feature record: AdminMarketers; logic=marketer approval + ranks; admin=admin role; tests=no.,marketer/AdminMarketers.tsx:287,yes multiple — marketer/AdminMarketers.tsx:287,logic=marketer approval + ranks,db=yes,admin/guard=admin role,L4_END_TO_END_WIRED,L4_END_TO_END_WIRED,CRITICAL,Derived from reconciled PASS A implementation-depth evidence.
CAP-117,Ads,AdvertiserContracts,PASS A feature record: AdvertiserContracts; logic=contract sign/decline; admin=token; tests=no.,marketer/AdvertiserContracts.tsx:120,yes multiple — marketer/AdvertiserContracts.tsx:120,logic=contract sign/decline,db=yes,admin/guard=token,L4_END_TO_END_WIRED,L4_END_TO_END_WIRED,CRITICAL,Derived from reconciled PASS A implementation-depth evidence.
CAP-118,Ads,AdvertiserProposals,PASS A feature record: AdvertiserProposals; logic=proposal accept/reject; admin=token; tests=no.,marketer/AdvertiserProposals.tsx:128,yes multiple — marketer/AdvertiserProposals.tsx:128,logic=proposal accept/reject,db=yes,admin/guard=token,L4_END_TO_END_WIRED,L4_END_TO_END_WIRED,CRITICAL,Derived from reconciled PASS A implementation-depth evidence.
CAP-119,Properties,AvailableProperties,PASS A feature record: AvailableProperties; logic=property browsing + proposals; admin=token; tests=no.,marketer/AvailableProperties.tsx:141,yes GET+POST — marketer/AvailableProperties.tsx:141,logic=property browsing + proposals,db=yes,admin/guard=token,L3_PARTIAL_FLOW,L3_PARTIAL_FLOW,CRITICAL,Derived from reconciled PASS A implementation-depth evidence.
CAP-120,UX,MarketerContracts,PASS A feature record: MarketerContracts; logic=contract management; admin=token; tests=no.,marketer/MarketerContracts.tsx:122,yes multiple — marketer/MarketerContracts.tsx:122,logic=contract management,db=yes,admin/guard=token,L4_END_TO_END_WIRED,L4_END_TO_END_WIRED,MAJOR,Derived from reconciled PASS A implementation-depth evidence.
CAP-121,Identity,MarketerProfile,PASS A feature record: MarketerProfile; logic=profile view; admin=token; tests=no.,marketer/MarketerProfile.tsx:155,yes GET — marketer/MarketerProfile.tsx:155,logic=profile view,db=yes,admin/guard=token,L3_PARTIAL_FLOW,L3_PARTIAL_FLOW,CRITICAL,Derived from reconciled PASS A implementation-depth evidence.
CAP-122,UX,MarketerProposals,PASS A feature record: MarketerProposals; logic=proposal tracking; admin=token; tests=no.,marketer/MarketerProposals.tsx:84,yes GET — marketer/MarketerProposals.tsx:84,logic=proposal tracking,db=yes,admin/guard=token,L3_PARTIAL_FLOW,L3_PARTIAL_FLOW,MAJOR,Derived from reconciled PASS A implementation-depth evidence.
CAP-123,Identity,MarketerRegister,PASS A feature record: MarketerRegister; logic=registration + code of conduct; admin=token; tests=no.,marketer/MarketerRegister.tsx:222,yes POST — marketer/MarketerRegister.tsx:222,logic=registration + code of conduct,db=yes,admin/guard=token,L4_END_TO_END_WIRED,L4_END_TO_END_WIRED,CRITICAL,Derived from reconciled PASS A implementation-depth evidence.
CAP-124,Geography,SmartLanding,PASS A feature record: SmartLanding; logic=URL param → geo + analytics; admin=no; tests=no.,none recorded,yes (analytics POST) — useSmartLanding.ts:190,logic=URL param → geo + analytics,db=no,admin/guard=no,L4_END_TO_END_WIRED,L4_END_TO_END_WIRED,MAJOR,Derived from reconciled PASS A implementation-depth evidence.
CAP-125,Authorization,SmartLandingBanner,PASS A feature record: SmartLandingBanner; logic=category → CTA banner; admin=no; tests=no.,SmartLandingBanner.tsx:279,no — SmartLandingBanner.tsx:279,logic=category → CTA banner,db=no,admin/guard=no,L4_END_TO_END_WIRED,L4_END_TO_END_WIRED,CRITICAL,Derived from reconciled PASS A implementation-depth evidence.
CAP-126,Authorization,GeoAdBanner,PASS A feature record: GeoAdBanner; logic=tier display + tracking; admin=no; tests=no.,GeoAdBanner.tsx:135,yes POST (track) — GeoAdBanner.tsx:135,logic=tier display + tracking,db=no,admin/guard=no,L4_END_TO_END_WIRED,L4_END_TO_END_WIRED,CRITICAL,Derived from reconciled PASS A implementation-depth evidence.
CAP-127,Chat,UnifiedInbox,PASS A feature record: UnifiedInbox; logic=4-type inbox + status flow; admin=no; tests=no.,UnifiedInbox.tsx:516,no (lib + localStorage) — UnifiedInbox.tsx:516,logic=4-type inbox + status flow,db=no,admin/guard=no,L4_END_TO_END_WIRED,L4_END_TO_END_WIRED,CRITICAL,Derived from reconciled PASS A implementation-depth evidence.
CAP-128,UX,AccountSwitcher,PASS A feature record: AccountSwitcher; logic=personal↔company switch; admin=no; tests=no.,AccountSwitcher.tsx:68,no (context) — AccountSwitcher.tsx:68,logic=personal↔company switch,db=no,admin/guard=no,L4_END_TO_END_WIRED,L4_END_TO_END_WIRED,MAJOR,Derived from reconciled PASS A implementation-depth evidence.
CAP-129,UX,EliteBadge,PASS A feature record: EliteBadge; logic=2 title values only; admin=no; tests=no.,EliteBadge.tsx:53,no — EliteBadge.tsx:53,logic=2 title values only,db=no,admin/guard=no,L2_DATA_MODEL_ONLY,L2_DATA_MODEL_ONLY,MAJOR,Derived from reconciled PASS A implementation-depth evidence.
CAP-130,UX,InvestmentGauge,PASS A feature record: InvestmentGauge; logic=scoring formula (base 50 + mods); admin=no; tests=no.,InvestmentGauge.tsx:80,no — InvestmentGauge.tsx:80,logic=scoring formula (base 50 + mods),db=no,admin/guard=no,L4_END_TO_END_WIRED,L4_END_TO_END_WIRED,MAJOR,Derived from reconciled PASS A implementation-depth evidence.
CAP-131,Properties,PropertyFinanceTools,PASS A feature record: PropertyFinanceTools; logic=PMT + flexible + fixed formulas; admin=no; tests=no.,PropertyFinanceTools.tsx:255,no — PropertyFinanceTools.tsx:255,logic=PMT + flexible + fixed formulas,db=no,admin/guard=no,L4_END_TO_END_WIRED,L4_END_TO_END_WIRED,CRITICAL,Derived from reconciled PASS A implementation-depth evidence.
CAP-132,Tools,MortgageCalculator,PASS A feature record: MortgageCalculator; logic=PMT formula (duplicated); admin=no; tests=no.,MortgageCalculator.tsx:116,no — MortgageCalculator.tsx:116,logic=PMT formula (duplicated),db=no,admin/guard=no,L4_END_TO_END_WIRED,L4_END_TO_END_WIRED,MAJOR,Derived from reconciled PASS A implementation-depth evidence.
CAP-133,UX,SaveSearchButton,PASS A feature record: SaveSearchButton; logic=filter cleaning + dialog; admin=no; tests=no.,SaveSearchButton.tsx:116,yes POST — SaveSearchButton.tsx:116,logic=filter cleaning + dialog,db=yes,admin/guard=no,L4_END_TO_END_WIRED,L4_END_TO_END_WIRED,MAJOR,Derived from reconciled PASS A implementation-depth evidence.
CAP-134,UX,MapMyDeed,PASS A feature record: MapMyDeed; logic=OCR → UTM → WGS84 → Leaflet; admin=no; tests=no.,MapMyDeed.tsx:595,yes (dynamic import) — MapMyDeed.tsx:595,logic=OCR → UTM → WGS84 → Leaflet,db=no,admin/guard=no,L4_END_TO_END_WIRED,L4_END_TO_END_WIRED,MAJOR,Derived from reconciled PASS A implementation-depth evidence.
CAP-135,UX,ShareButton,PASS A feature record: ShareButton; logic=Web Share API + clipboard; admin=no; tests=no.,ShareButton.tsx:70,no — ShareButton.tsx:70,logic=Web Share API + clipboard,db=no,admin/guard=no,L4_END_TO_END_WIRED,L4_END_TO_END_WIRED,MAJOR,Derived from reconciled PASS A implementation-depth evidence.
CAP-136,UX,ShareModal,PASS A feature record: ShareModal; logic=4 share channels + clipboard; admin=no; tests=no.,ShareModal.tsx:131,no — ShareModal.tsx:131,logic=4 share channels + clipboard,db=no,admin/guard=no,L4_END_TO_END_WIRED,L4_END_TO_END_WIRED,MAJOR,Derived from reconciled PASS A implementation-depth evidence.
CAP-137,Chat,ChatApp,PASS A feature record: ChatApp; logic=real-time messaging; admin=no; tests=no.,ChatApp (via ChatContext),yes (WS via context) — ChatApp (via ChatContext),logic=real-time messaging,db=no,admin/guard=no,L4_END_TO_END_WIRED,L4_END_TO_END_WIRED,CRITICAL,Derived from reconciled PASS A implementation-depth evidence.
CAP-138,UX,BOQEngine,PASS A feature record: BOQEngine; logic=BOQ quantities from project config; admin=no; tests=no.,BOQEngine.tsx:643,no — BOQEngine.tsx:643,logic=BOQ quantities from project config,db=no,admin/guard=no,L4_END_TO_END_WIRED,L4_END_TO_END_WIRED,MAJOR,Derived from reconciled PASS A implementation-depth evidence.
CAP-139,UX,DrawingEngine,PASS A feature record: DrawingEngine; logic=DXF drawing set generation; admin=no; tests=no.,DrawingEngine.tsx:713,no — DrawingEngine.tsx:713,logic=DXF drawing set generation,db=no,admin/guard=no,L4_END_TO_END_WIRED,L4_END_TO_END_WIRED,MAJOR,Derived from reconciled PASS A implementation-depth evidence.
CAP-140,UX,PriceManager,PASS A feature record: PriceManager; logic=BOQ × rates + VAT + contingency; admin=no; tests=no.,PriceManager.tsx:401,no — PriceManager.tsx:401,logic=BOQ × rates + VAT + contingency,db=no,admin/guard=no,L4_END_TO_END_WIRED,L4_END_TO_END_WIRED,MAJOR,Derived from reconciled PASS A implementation-depth evidence.
CAP-141,UX,ConsultantValidationEngine,PASS A feature record: ConsultantValidationEngine; logic=5-pillar stamp workflow + hash; admin=no; tests=no.,ConsultantValidationEngine.tsx:822,no — ConsultantValidationEngine.tsx:822,logic=5-pillar stamp workflow + hash,db=no,admin/guard=no,L4_END_TO_END_WIRED,L4_END_TO_END_WIRED,MAJOR,Derived from reconciled PASS A implementation-depth evidence.
CAP-142,Geography,ClimateGeoEngine,PASS A feature record: ClimateGeoEngine; logic=IBC/SBC/TSE code mapping; admin=no; tests=no.,ClimateGeoEngine.tsx:748,no — ClimateGeoEngine.tsx:748,logic=IBC/SBC/TSE code mapping,db=no,admin/guard=no,L4_END_TO_END_WIRED,L4_END_TO_END_WIRED,MAJOR,Derived from reconciled PASS A implementation-depth evidence.
CAP-143,UX,SeismicProtectionEngine,PASS A feature record: SeismicProtectionEngine; logic=isolator BOQ + SDC calcs; admin=no; tests=no.,SeismicProtectionEngine.tsx:574,no — SeismicProtectionEngine.tsx:574,logic=isolator BOQ + SDC calcs,db=no,admin/guard=no,L4_END_TO_END_WIRED,L4_END_TO_END_WIRED,MAJOR,Derived from reconciled PASS A implementation-depth evidence.
CAP-144,UX,RetailMallEngine,PASS A feature record: RetailMallEngine; logic=anchor/egress/BOH calcs; admin=no; tests=no.,RetailMallEngine.tsx:789,no — RetailMallEngine.tsx:789,logic=anchor/egress/BOH calcs,db=no,admin/guard=no,L4_END_TO_END_WIRED,L4_END_TO_END_WIRED,MAJOR,Derived from reconciled PASS A implementation-depth evidence.
CAP-145,UX,MedSpecialtyEngine,PASS A feature record: MedSpecialtyEngine; logic=star rating + gas points; admin=no; tests=no.,MedSpecialtyEngine.tsx:655,no — MedSpecialtyEngine.tsx:655,logic=star rating + gas points,db=no,admin/guard=no,L4_END_TO_END_WIRED,L4_END_TO_END_WIRED,MAJOR,Derived from reconciled PASS A implementation-depth evidence.
CAP-146,UX,InstitutionalSovereignEngine,PASS A feature record: InstitutionalSovereignEngine; logic=STC/security/redundancy; admin=no; tests=no.,InstitutionalSovereignEngine.tsx:634,no — InstitutionalSovereignEngine.tsx:634,logic=STC/security/redundancy,db=no,admin/guard=no,L4_END_TO_END_WIRED,L4_END_TO_END_WIRED,MAJOR,Derived from reconciled PASS A implementation-depth evidence.
CAP-147,Authorization,BankingSecurityEngine,PASS A feature record: BankingSecurityEngine; logic=vault/ballistic/seismic calcs; admin=no; tests=no.,BankingSecurityEngine.tsx:569,no — BankingSecurityEngine.tsx:569,logic=vault/ballistic/seismic calcs,db=no,admin/guard=no,L4_END_TO_END_WIRED,L4_END_TO_END_WIRED,CRITICAL,Derived from reconciled PASS A implementation-depth evidence.
CAP-148,UX,FireSafetyEngine,PASS A feature record: FireSafetyEngine; logic=NFPA sprinkler/FD/smoke; admin=no; tests=no.,FireSafetyEngine.tsx:483,no — FireSafetyEngine.tsx:483,logic=NFPA sprinkler/FD/smoke,db=no,admin/guard=no,L4_END_TO_END_WIRED,L4_END_TO_END_WIRED,MAJOR,Derived from reconciled PASS A implementation-depth evidence.
CAP-149,Tools,AcademicSpecialtyEngine,PASS A feature record: AcademicSpecialtyEngine; logic=ISO 11428 + Sabine RT60; admin=no; tests=no.,AcademicSpecialtyEngine.tsx:566,no — AcademicSpecialtyEngine.tsx:566,logic=ISO 11428 + Sabine RT60,db=no,admin/guard=no,L4_END_TO_END_WIRED,L4_END_TO_END_WIRED,MAJOR,Derived from reconciled PASS A implementation-depth evidence.
CAP-150,Tools,CADGeometryEngine,PASS A feature record: CADGeometryEngine; logic=DXF take-off + BOQ delta; admin=no; tests=no.,CADGeometryEngine.ts:373,no — CADGeometryEngine.ts:373,logic=DXF take-off + BOQ delta,db=no,admin/guard=no,L4_END_TO_END_WIRED,L4_END_TO_END_WIRED,MAJOR,Derived from reconciled PASS A implementation-depth evidence.
CAP-151,Tools,CADParser,PASS A feature record: CADParser; logic=ASCII DXF parsing; admin=no; tests=no.,none recorded,no — CADParser.ts:268,logic=ASCII DXF parsing,db=no,admin/guard=no,L4_END_TO_END_WIRED,L4_END_TO_END_WIRED,MAJOR,Derived from reconciled PASS A implementation-depth evidence.
CAP-152,UX,BIMViewer,PASS A feature record: BIMViewer; logic=Three.js 3D from DXF; admin=no; tests=no.,BIMViewer.tsx:323,no — BIMViewer.tsx:323,logic=Three.js 3D from DXF,db=no,admin/guard=no,L4_END_TO_END_WIRED,L4_END_TO_END_WIRED,MAJOR,Derived from reconciled PASS A implementation-depth evidence.
CAP-153,UX,Building3DVisualizer,PASS A feature record: Building3DVisualizer; logic=Three.js facade preview; admin=no; tests=no.,Building3DVisualizer.tsx:227,no — Building3DVisualizer.tsx:227,logic=Three.js facade preview,db=no,admin/guard=no,L4_END_TO_END_WIRED,L4_END_TO_END_WIRED,MAJOR,Derived from reconciled PASS A implementation-depth evidence.
CAP-154,Geography,LandGeometryModule,PASS A feature record: LandGeometryModule; logic=Shoelace formula area calc; admin=no; tests=no.,LandGeometryModule.tsx:541,no — LandGeometryModule.tsx:541,logic=Shoelace formula area calc,db=no,admin/guard=no,L4_END_TO_END_WIRED,L4_END_TO_END_WIRED,MAJOR,Derived from reconciled PASS A implementation-depth evidence.
CAP-155,UX,MosqueEngine,PASS A feature record: MosqueEngine; logic=Qibla + capacity + acoustics; admin=no; tests=no.,MosqueEngine.tsx:374,no — MosqueEngine.tsx:374,logic=Qibla + capacity + acoustics,db=no,admin/guard=no,L4_END_TO_END_WIRED,L4_END_TO_END_WIRED,MAJOR,Derived from reconciled PASS A implementation-depth evidence.
CAP-156,UX,K12SchoolEngine,PASS A feature record: K12SchoolEngine; logic=daylight/capacity/ventilation; admin=no; tests=no.,K12SchoolEngine.tsx:339,no — K12SchoolEngine.tsx:339,logic=daylight/capacity/ventilation,db=no,admin/guard=no,L4_END_TO_END_WIRED,L4_END_TO_END_WIRED,MAJOR,Derived from reconciled PASS A implementation-depth evidence.
CAP-157,UX,IndustrialEngine,PASS A feature record: IndustrialEngine; logic=crane/hazmat/floor load; admin=no; tests=no.,IndustrialEngine.tsx:356,no — IndustrialEngine.tsx:356,logic=crane/hazmat/floor load,db=no,admin/guard=no,L4_END_TO_END_WIRED,L4_END_TO_END_WIRED,MAJOR,Derived from reconciled PASS A implementation-depth evidence.
CAP-158,UX,HighRiseStructuralEngine,PASS A feature record: HighRiseStructuralEngine; logic=wind/drift/TMD analysis; admin=no; tests=no.,HighRiseStructuralEngine.tsx:394,no — HighRiseStructuralEngine.tsx:394,logic=wind/drift/TMD analysis,db=no,admin/guard=no,L4_END_TO_END_WIRED,L4_END_TO_END_WIRED,MAJOR,Derived from reconciled PASS A implementation-depth evidence.
CAP-159,UX,LandscapeIrrigationEngine,PASS A feature record: LandscapeIrrigationEngine; logic=PET-based water demand; admin=no; tests=no.,LandscapeIrrigationEngine.tsx:354,no — LandscapeIrrigationEngine.tsx:354,logic=PET-based water demand,db=no,admin/guard=no,L4_END_TO_END_WIRED,L4_END_TO_END_WIRED,MAJOR,Derived from reconciled PASS A implementation-depth evidence.
CAP-160,UX,GlobalConfiguratorPanel,PASS A feature record: GlobalConfiguratorPanel; logic=style→cost/time delta; admin=no; tests=no.,GlobalConfiguratorPanel.tsx:722,no — GlobalConfiguratorPanel.tsx:722,logic=style→cost/time delta,db=no,admin/guard=no,L4_END_TO_END_WIRED,L4_END_TO_END_WIRED,MAJOR,Derived from reconciled PASS A implementation-depth evidence.
CAP-161,UX,StructuralConfigurator,PASS A feature record: StructuralConfigurator; logic=load profiles + rebar ratios; admin=no; tests=no.,StructuralConfigurator.tsx:327,no — StructuralConfigurator.tsx:327,logic=load profiles + rebar ratios,db=no,admin/guard=no,L4_END_TO_END_WIRED,L4_END_TO_END_WIRED,MAJOR,Derived from reconciled PASS A implementation-depth evidence.
CAP-162,UX,MedicalGradeMEPEngine,PASS A feature record: MedicalGradeMEPEngine; logic=ASHRAE 170 + lead shielding; admin=no; tests=no.,MedicalGradeMEPEngine.tsx:533,no — MedicalGradeMEPEngine.tsx:533,logic=ASHRAE 170 + lead shielding,db=no,admin/guard=no,L4_END_TO_END_WIRED,L4_END_TO_END_WIRED,MAJOR,Derived from reconciled PASS A implementation-depth evidence.
CAP-163,UX,MEPEngine,PASS A feature record: MEPEngine; logic=core MEP quantities; admin=no; tests=no.,MEPEngine.tsx:281,no — MEPEngine.tsx:281,logic=core MEP quantities,db=no,admin/guard=no,L4_END_TO_END_WIRED,L4_END_TO_END_WIRED,MAJOR,Derived from reconciled PASS A implementation-depth evidence.
CAP-164,Membership,ResidentialFloorPlanDXF,PASS A feature record: ResidentialFloorPlanDXF; logic=floor plan DXF generation; admin=no; tests=no.,none recorded,no — ResidentialFloorPlanDXF.ts:784,logic=floor plan DXF generation,db=no,admin/guard=no,L4_END_TO_END_WIRED,L4_END_TO_END_WIRED,MAJOR,Derived from reconciled PASS A implementation-depth evidence.
CAP-165,UX,MEPLayoutEngine,PASS A feature record: MEPLayoutEngine; logic=MEP fixture DXF placement; admin=no; tests=no.,none recorded,no — MEPLayoutEngine.ts:112,logic=MEP fixture DXF placement,db=no,admin/guard=no,L4_END_TO_END_WIRED,L4_END_TO_END_WIRED,MAJOR,Derived from reconciled PASS A implementation-depth evidence.
CAP-166,UX,SectionElevationEngine,PASS A feature record: SectionElevationEngine; logic=section/elevation DXF gen; admin=no; tests=no.,none recorded,no — SectionElevationEngine.ts:199,logic=section/elevation DXF gen,db=no,admin/guard=no,L4_END_TO_END_WIRED,L4_END_TO_END_WIRED,MAJOR,Derived from reconciled PASS A implementation-depth evidence.
CAP-167,Tools,DXFWriter,PASS A feature record: DXFWriter; logic=DXF file serialization; admin=no; tests=no.,none recorded,no — DXFWriter.ts:121,logic=DXF file serialization,db=no,admin/guard=no,L4_END_TO_END_WIRED,L4_END_TO_END_WIRED,MAJOR,Derived from reconciled PASS A implementation-depth evidence.
CAP-168,UX,ContractGenerator,PASS A feature record: ContractGenerator; logic=contract HTML rendering; admin=no; tests=no.,ContractGenerator.tsx:460,no — ContractGenerator.tsx:460,logic=contract HTML rendering,db=no,admin/guard=no,L3_PARTIAL_FLOW,L3_PARTIAL_FLOW,MAJOR,Derived from reconciled PASS A implementation-depth evidence.
CAP-169,UX,ContractPackager,PASS A feature record: ContractPackager; logic=BOQ split into packages; admin=no; tests=no.,ContractPackager.tsx:376,no — ContractPackager.tsx:376,logic=BOQ split into packages,db=no,admin/guard=no,L3_PARTIAL_FLOW,L3_PARTIAL_FLOW,MAJOR,Derived from reconciled PASS A implementation-depth evidence.
CAP-170,Tools,BilingualPDFContract,PASS A feature record: BilingualPDFContract; logic=bilingual contract rendering; admin=no; tests=no.,BilingualPDFContract.tsx:388,no — BilingualPDFContract.tsx:388,logic=bilingual contract rendering,db=no,admin/guard=no,L3_PARTIAL_FLOW,L3_PARTIAL_FLOW,MAJOR,Derived from reconciled PASS A implementation-depth evidence.
CAP-171,Tools,ConsultantTitleBlockPDF,PASS A feature record: ConsultantTitleBlockPDF; logic=title block + QR rendering; admin=no; tests=no.,ConsultantTitleBlockPDF.tsx:254,no — ConsultantTitleBlockPDF.tsx:254,logic=title block + QR rendering,db=no,admin/guard=no,L3_PARTIAL_FLOW,L3_PARTIAL_FLOW,MAJOR,Derived from reconciled PASS A implementation-depth evidence.
CAP-172,UX,LayerMapper,PASS A feature record: LayerMapper; logic=DXF layer mapping UI; admin=no; tests=no.,LayerMapper.tsx:315,no — LayerMapper.tsx:315,logic=DXF layer mapping UI,db=no,admin/guard=no,L3_PARTIAL_FLOW,L3_PARTIAL_FLOW,MAJOR,Derived from reconciled PASS A implementation-depth evidence.
CAP-173,UX,CostEstimator,PASS A feature record: CostEstimator; logic=qty × rate calcs; admin=no; tests=no.,CostEstimator.tsx:323,no — CostEstimator.tsx:323,logic=qty × rate calcs,db=no,admin/guard=no,L4_END_TO_END_WIRED,L4_END_TO_END_WIRED,MAJOR,Derived from reconciled PASS A implementation-depth evidence.
CAP-174,UX,ProjectEnginePassport,PASS A feature record: ProjectEnginePassport; logic=display only; admin=no; tests=no.,ProjectEnginePassport.tsx:294,no — ProjectEnginePassport.tsx:294,logic=display only,db=no,admin/guard=no,L1_UI_ONLY,L1_UI_ONLY,MAJOR,Derived from reconciled PASS A implementation-depth evidence.
CAP-175,UX,SovereignEthicsShield,PASS A feature record: SovereignEthicsShield; logic=display only; admin=no; tests=no.,SovereignEthicsShield.tsx:128,no — SovereignEthicsShield.tsx:128,logic=display only,db=no,admin/guard=no,L1_UI_ONLY,L1_UI_ONLY,MAJOR,Derived from reconciled PASS A implementation-depth evidence.
CAP-176,Identity,UserPreferences,PASS A feature record: UserPreferences; logic=localStorage prefs; admin=no; tests=no.,none recorded,no — UserPreferences.ts:182,logic=localStorage prefs,db=no,admin/guard=no,L2_DATA_MODEL_ONLY,L2_DATA_MODEL_ONLY,CRITICAL,Derived from reconciled PASS A implementation-depth evidence.
CAP-177,Services,landAnalysisService,PASS A feature record: landAnalysisService; logic=PDF→OCR→ONNX→coords pipeline; admin=no; tests=no.,none recorded,no — landAnalysisService.ts:563,logic=PDF→OCR→ONNX→coords pipeline,db=no,admin/guard=no,L4_END_TO_END_WIRED,L4_END_TO_END_WIRED,CRITICAL,Derived from reconciled PASS A implementation-depth evidence.
CAP-178,Tools,ocrProcessor,PASS A feature record: ocrProcessor; logic=Tesseract.js ara+eng; admin=no; tests=no.,none recorded,no — ocrProcessor.ts:133,logic=Tesseract.js ara+eng,db=no,admin/guard=no,L4_END_TO_END_WIRED,L4_END_TO_END_WIRED,MAJOR,Derived from reconciled PASS A implementation-depth evidence.
CAP-179,Tools,onnxProcessor,PASS A feature record: onnxProcessor; logic=ONNX Runtime diagram analysis; admin=no; tests=no.,none recorded,no — onnxProcessor.ts:136,logic=ONNX Runtime diagram analysis,db=no,admin/guard=no,L4_END_TO_END_WIRED,L4_END_TO_END_WIRED,MAJOR,Derived from reconciled PASS A implementation-depth evidence.
CAP-180,Services,dxfExportService,PASS A feature record: dxfExportService; logic=room data → DXF R12 file; admin=no; tests=no.,none recorded,no — dxfExportService.ts:209,logic=room data → DXF R12 file,db=no,admin/guard=no,L4_END_TO_END_WIRED,L4_END_TO_END_WIRED,CRITICAL,Derived from reconciled PASS A implementation-depth evidence.
CAP-181,UX,imagePreprocessor,PASS A feature record: imagePreprocessor; logic=canvas grayscale/Otsu/deskew; admin=no; tests=no.,none recorded,no — imagePreprocessor.ts:261,logic=canvas grayscale/Otsu/deskew,db=no,admin/guard=no,L4_END_TO_END_WIRED,L4_END_TO_END_WIRED,MAJOR,Derived from reconciled PASS A implementation-depth evidence.
CAP-182,Tools,pdfProcessor,PASS A feature record: pdfProcessor; logic=pdfjs-dist text + render; admin=no; tests=no.,none recorded,no — pdfProcessor.ts:51,logic=pdfjs-dist text + render,db=no,admin/guard=no,L4_END_TO_END_WIRED,L4_END_TO_END_WIRED,MAJOR,Derived from reconciled PASS A implementation-depth evidence.
CAP-183,Chat,chatAdminService,PASS A feature record: chatAdminService; logic=admin chat API wrapper; admin=no; tests=no.,none recorded,yes — chatAdminService.ts:28,logic=admin chat API wrapper,db=yes,admin/guard=no,L4_END_TO_END_WIRED,L4_END_TO_END_WIRED,CRITICAL,Derived from reconciled PASS A implementation-depth evidence.
CAP-184,Services,auditService,PASS A feature record: auditService; logic=localStorage audit trail; admin=no; tests=no.,none recorded,no — auditService.ts:50,logic=localStorage audit trail,db=no,admin/guard=no,L2_DATA_MODEL_ONLY,L2_DATA_MODEL_ONLY,CRITICAL,Derived from reconciled PASS A implementation-depth evidence.
CAP-185,Chat,ChatContext,PASS A feature record: ChatContext; logic=real-time messaging protocol; admin=no; tests=no.,ChatContext.tsx:324,yes (WS) — ChatContext.tsx:324,logic=real-time messaging protocol,db=no,admin/guard=no,L4_END_TO_END_WIRED,L4_END_TO_END_WIRED,CRITICAL,Derived from reconciled PASS A implementation-depth evidence.
CAP-186,Identity,AuthContext,PASS A feature record: AuthContext; logic=login/register/session; admin=no; tests=no.,AuthContext.tsx:204,yes — AuthContext.tsx:204,logic=login/register/session,db=no,admin/guard=no,L4_END_TO_END_WIRED,L4_END_TO_END_WIRED,CRITICAL,Derived from reconciled PASS A implementation-depth evidence.
CAP-187,Geography,GeoContext,PASS A feature record: GeoContext; logic=geolocation chain; admin=no; tests=no.,none recorded,yes (GPS+IP) — GeoContext.tsx:195,logic=geolocation chain,db=no,admin/guard=no,L4_END_TO_END_WIRED,L4_END_TO_END_WIRED,MAJOR,Derived from reconciled PASS A implementation-depth evidence.
CAP-188,Ads,GeoAdsContext,PASS A feature record: GeoAdsContext; logic=geo ad fetching + caching; admin=no; tests=no.,none recorded,yes (GET+POST) — GeoAdsContext.tsx:107,logic=geo ad fetching + caching,db=no,admin/guard=no,L4_END_TO_END_WIRED,L4_END_TO_END_WIRED,CRITICAL,Derived from reconciled PASS A implementation-depth evidence.
CAP-189,Organizations,CompanyContext,PASS A feature record: CompanyContext; logic=localStorage company CRUD; admin=no; tests=no.,none recorded,no — CompanyContext.tsx:111,logic=localStorage company CRUD,db=no,admin/guard=no,L4_END_TO_END_WIRED,L4_END_TO_END_WIRED,MAJOR,Derived from reconciled PASS A implementation-depth evidence.
CAP-190,Geography,LocationContext,PASS A feature record: LocationContext; logic=country/gov/city state; admin=no; tests=no.,none recorded,no — LocationContext.tsx:340,logic=country/gov/city state,db=no,admin/guard=no,L4_END_TO_END_WIRED,L4_END_TO_END_WIRED,MAJOR,Derived from reconciled PASS A implementation-depth evidence.
CAP-191,UX,api.ts (mock),PASS A feature record: api.ts (mock); logic=in-memory CRUD mock; admin=no; tests=no.,none recorded,no — api.ts:1170,logic=in-memory CRUD mock,db=no,admin/guard=no,L3_PARTIAL_FLOW,L3_PARTIAL_FLOW,MAJOR,Derived from reconciled PASS A implementation-depth evidence.
CAP-192,Identity,Email verification lifecycle,Register → token/OTP → verify → active account,07_V1_IDENTITY_ACCOUNT_CAPABILITY_MODEL.md; VerifyEmail.tsx,07_V1_IDENTITY_ACCOUNT_CAPABILITY_MODEL.md; VerifyEmail.tsx,07_V1_IDENTITY_ACCOUNT_CAPABILITY_MODEL.md; VerifyEmail.tsx,07_V1_IDENTITY_ACCOUNT_CAPABILITY_MODEL.md; VerifyEmail.tsx,07_V1_IDENTITY_ACCOUNT_CAPABILITY_MODEL.md; VerifyEmail.tsx,Cross-file capability,WIRED_OR_DOCUMENTED,CRITICAL,Cross-cutting capability added from PASS A domain archaeology to avoid file-level loss.
CAP-193,Identity,Password recovery lifecycle,Forgot/reset password with validation,ResetPassword.tsx; server auth routes,ResetPassword.tsx; server auth routes,ResetPassword.tsx; server auth routes,ResetPassword.tsx; server auth routes,ResetPassword.tsx; server auth routes,Cross-file capability,WIRED_OR_DOCUMENTED,CRITICAL,Cross-cutting capability added from PASS A domain archaeology to avoid file-level loss.
CAP-194,Identity,Social OAuth login,Not established as complete in V1,PASS A identity model,PASS A identity model,PASS A identity model,PASS A identity model,PASS A identity model,Cross-file capability,WIRED_OR_DOCUMENTED,MAJOR,Cross-cutting capability added from PASS A domain archaeology to avoid file-level loss.
CAP-195,Authorization,Server-side RBAC enforcement,Role and JSON permission enforcement,V1_AUTHORIZATION_ACTION_MATRIX.csv,V1_AUTHORIZATION_ACTION_MATRIX.csv,V1_AUTHORIZATION_ACTION_MATRIX.csv,V1_AUTHORIZATION_ACTION_MATRIX.csv,V1_AUTHORIZATION_ACTION_MATRIX.csv,Cross-file capability,WIRED_OR_DOCUMENTED,CRITICAL,Cross-cutting capability added from PASS A domain archaeology to avoid file-level loss.
CAP-196,Authorization,Blocked account enforcement,active/banned state gates,users.status; 07_V1_IDENTITY_ACCOUNT_CAPABILITY_MODEL.md,users.status; 07_V1_IDENTITY_ACCOUNT_CAPABILITY_MODEL.md,users.status; 07_V1_IDENTITY_ACCOUNT_CAPABILITY_MODEL.md,users.status; 07_V1_IDENTITY_ACCOUNT_CAPABILITY_MODEL.md,users.status; 07_V1_IDENTITY_ACCOUNT_CAPABILITY_MODEL.md,Cross-file capability,WIRED_OR_DOCUMENTED,CRITICAL,Cross-cutting capability added from PASS A domain archaeology to avoid file-level loss.
CAP-197,Ads,Core ad matching and delivery,Targeted campaign selection and creative delivery,12_V1_ADVERTISING_BUSINESS_ENGINE.md,12_V1_ADVERTISING_BUSINESS_ENGINE.md,12_V1_ADVERTISING_BUSINESS_ENGINE.md,12_V1_ADVERTISING_BUSINESS_ENGINE.md,12_V1_ADVERTISING_BUSINESS_ENGINE.md,Cross-file capability,WIRED_OR_DOCUMENTED,CRITICAL,Cross-cutting capability added from PASS A domain archaeology to avoid file-level loss.
CAP-198,Ads,Geo/radius/tier campaign targeting,Country/region/city/village and sponsor priority,12_V1_ADVERTISING_BUSINESS_ENGINE.md,12_V1_ADVERTISING_BUSINESS_ENGINE.md,12_V1_ADVERTISING_BUSINESS_ENGINE.md,12_V1_ADVERTISING_BUSINESS_ENGINE.md,12_V1_ADVERTISING_BUSINESS_ENGINE.md,Cross-file capability,WIRED_OR_DOCUMENTED,CRITICAL,Cross-cutting capability added from PASS A domain archaeology to avoid file-level loss.
CAP-199,Ads,Campaign caps and analytics,View/click limits and tracking,V1 ads maxViews/maxClicks/viewCount/clickCount,V1 ads maxViews/maxClicks/viewCount/clickCount,V1 ads maxViews/maxClicks/viewCount/clickCount,V1 ads maxViews/maxClicks/viewCount/clickCount,V1 ads maxViews/maxClicks/viewCount/clickCount,Cross-file capability,WIRED_OR_DOCUMENTED,CRITICAL,Cross-cutting capability added from PASS A domain archaeology to avoid file-level loss.
CAP-200,Ads,Legacy advertising match endpoint,V1 matching behavior,12_V1_ADVERTISING_BUSINESS_ENGINE.md,12_V1_ADVERTISING_BUSINESS_ENGINE.md,12_V1_ADVERTISING_BUSINESS_ENGINE.md,12_V1_ADVERTISING_BUSINESS_ENGINE.md,12_V1_ADVERTISING_BUSINESS_ENGINE.md,Cross-file capability,WIRED_OR_DOCUMENTED,MAJOR,Cross-cutting capability added from PASS A domain archaeology to avoid file-level loss.
CAP-201,Chat,Two-user persisted messaging,A sends to B; stored and visible to B,11_V1_MESSAGING_PROTOCOL_AND_UX.md,11_V1_MESSAGING_PROTOCOL_AND_UX.md,11_V1_MESSAGING_PROTOCOL_AND_UX.md,11_V1_MESSAGING_PROTOCOL_AND_UX.md,11_V1_MESSAGING_PROTOCOL_AND_UX.md,Cross-file capability,WIRED_OR_DOCUMENTED,CRITICAL,Cross-cutting capability added from PASS A domain archaeology to avoid file-level loss.
CAP-202,Chat,Realtime encrypted conversation,Socket.IO plus AES-256-GCM realtime messaging,11_V1_MESSAGING_PROTOCOL_AND_UX.md; server/chat-server.ts,11_V1_MESSAGING_PROTOCOL_AND_UX.md; server/chat-server.ts,11_V1_MESSAGING_PROTOCOL_AND_UX.md; server/chat-server.ts,11_V1_MESSAGING_PROTOCOL_AND_UX.md; server/chat-server.ts,11_V1_MESSAGING_PROTOCOL_AND_UX.md; server/chat-server.ts,Cross-file capability,WIRED_OR_DOCUMENTED,CRITICAL,Cross-cutting capability added from PASS A domain archaeology to avoid file-level loss.
CAP-203,Chat,Message attachments and moderation,Image/voice/file plus moderation access logs,11_V1_MESSAGING_PROTOCOL_AND_UX.md,11_V1_MESSAGING_PROTOCOL_AND_UX.md,11_V1_MESSAGING_PROTOCOL_AND_UX.md,11_V1_MESSAGING_PROTOCOL_AND_UX.md,11_V1_MESSAGING_PROTOCOL_AND_UX.md,Cross-file capability,WIRED_OR_DOCUMENTED,CRITICAL,Cross-cutting capability added from PASS A domain archaeology to avoid file-level loss.
CAP-204,Properties,Public property search/filter,Search by type/geo/price/area/beds/baths,16_V1_PROPERTY_ECOSYSTEM.md,16_V1_PROPERTY_ECOSYSTEM.md,16_V1_PROPERTY_ECOSYSTEM.md,16_V1_PROPERTY_ECOSYSTEM.md,16_V1_PROPERTY_ECOSYSTEM.md,Cross-file capability,WIRED_OR_DOCUMENTED,CRITICAL,Cross-cutting capability added from PASS A domain archaeology to avoid file-level loss.
CAP-205,Properties,Property creation and moderation,Draft/create/media/submit/review/publish,16_V1_PROPERTY_ECOSYSTEM.md,16_V1_PROPERTY_ECOSYSTEM.md,16_V1_PROPERTY_ECOSYSTEM.md,16_V1_PROPERTY_ECOSYSTEM.md,16_V1_PROPERTY_ECOSYSTEM.md,Cross-file capability,WIRED_OR_DOCUMENTED,CRITICAL,Cross-cutting capability added from PASS A domain archaeology to avoid file-level loss.
CAP-206,Properties,Buyer requests and office offers,Reverse marketplace request/offer lifecycle,property_requests; property_offers,property_requests; property_offers,property_requests; property_offers,property_requests; property_offers,property_requests; property_offers,Cross-file capability,WIRED_OR_DOCUMENTED,CRITICAL,Cross-cutting capability added from PASS A domain archaeology to avoid file-level loss.
CAP-207,Services,Three-mode services model,Directory + urgent dispatch + tender/RFQ,20_V1_SERVICES_THREE_MODE_MODEL.md,20_V1_SERVICES_THREE_MODE_MODEL.md,20_V1_SERVICES_THREE_MODE_MODEL.md,20_V1_SERVICES_THREE_MODE_MODEL.md,20_V1_SERVICES_THREE_MODE_MODEL.md,Cross-file capability,WIRED_OR_DOCUMENTED,CRITICAL,Cross-cutting capability added from PASS A domain archaeology to avoid file-level loss.
CAP-208,Services,Provider application and portfolio,Provider application/profile/docs/portfolio,ServiceHub profiles and provider journey,ServiceHub profiles and provider journey,ServiceHub profiles and provider journey,ServiceHub profiles and provider journey,ServiceHub profiles and provider journey,Cross-file capability,WIRED_OR_DOCUMENTED,CRITICAL,Cross-cutting capability added from PASS A domain archaeology to avoid file-level loss.
CAP-209,Services,Service request matching and offers,Request → match → provider offer → acceptance,20_V1_SERVICES_THREE_MODE_MODEL.md,20_V1_SERVICES_THREE_MODE_MODEL.md,20_V1_SERVICES_THREE_MODE_MODEL.md,20_V1_SERVICES_THREE_MODE_MODEL.md,20_V1_SERVICES_THREE_MODE_MODEL.md,Cross-file capability,WIRED_OR_DOCUMENTED,CRITICAL,Cross-cutting capability added from PASS A domain archaeology to avoid file-level loss.
CAP-210,Services,Sentiment-tracked service feedback,positive/neutral/negative feedback affects reputation,service_hub_feedback.sentiment,service_hub_feedback.sentiment,service_hub_feedback.sentiment,service_hub_feedback.sentiment,service_hub_feedback.sentiment,Cross-file capability,WIRED_OR_DOCUMENTED,MAJOR,Cross-cutting capability added from PASS A domain archaeology to avoid file-level loss.
CAP-211,Organizations,Organization membership and roles,Office/company team membership and permissions,07_V1_IDENTITY_ACCOUNT_CAPABILITY_MODEL.md,07_V1_IDENTITY_ACCOUNT_CAPABILITY_MODEL.md,07_V1_IDENTITY_ACCOUNT_CAPABILITY_MODEL.md,07_V1_IDENTITY_ACCOUNT_CAPABILITY_MODEL.md,07_V1_IDENTITY_ACCOUNT_CAPABILITY_MODEL.md,Cross-file capability,WIRED_OR_DOCUMENTED,CRITICAL,Cross-cutting capability added from PASS A domain archaeology to avoid file-level loss.
CAP-212,Auctions,Auction bidding transaction,"Validated bid, persistence, result, errors",19_V1_AUCTION_OPERATING_SYSTEM.md,19_V1_AUCTION_OPERATING_SYSTEM.md,19_V1_AUCTION_OPERATING_SYSTEM.md,19_V1_AUCTION_OPERATING_SYSTEM.md,19_V1_AUCTION_OPERATING_SYSTEM.md,Cross-file capability,WIRED_OR_DOCUMENTED,CRITICAL,Cross-cutting capability added from PASS A domain archaeology to avoid file-level loss.
CAP-213,Auctions,Auto-bidding ceiling,Incremental bids up to maxAutoBid,auction_bids.maxAutoBid,auction_bids.maxAutoBid,auction_bids.maxAutoBid,auction_bids.maxAutoBid,auction_bids.maxAutoBid,Cross-file capability,WIRED_OR_DOCUMENTED,CRITICAL,Cross-cutting capability added from PASS A domain archaeology to avoid file-level loss.
CAP-214,Auctions,Anti-sniping auto-extension,Extend auction on late bids,auction_settings.autoExtendMinutes,auction_settings.autoExtendMinutes,auction_settings.autoExtendMinutes,auction_settings.autoExtendMinutes,auction_settings.autoExtendMinutes,Cross-file capability,WIRED_OR_DOCUMENTED,CRITICAL,Cross-cutting capability added from PASS A domain archaeology to avoid file-level loss.
CAP-215,Auctions,Suspicious relist and sale proof,"30-day relist detection, proof deadline, admin resolution",19_V1_AUCTION_OPERATING_SYSTEM.md,19_V1_AUCTION_OPERATING_SYSTEM.md,19_V1_AUCTION_OPERATING_SYSTEM.md,19_V1_AUCTION_OPERATING_SYSTEM.md,19_V1_AUCTION_OPERATING_SYSTEM.md,Cross-file capability,WIRED_OR_DOCUMENTED,CRITICAL,Cross-cutting capability added from PASS A domain archaeology to avoid file-level loss.
CAP-216,Auctions,Auction contract and terms,Seller/bidder terms and contract,auction-contract.ts,auction-contract.ts,auction-contract.ts,auction-contract.ts,auction-contract.ts,Cross-file capability,WIRED_OR_DOCUMENTED,CRITICAL,Cross-cutting capability added from PASS A domain archaeology to avoid file-level loss.
CAP-217,Matching,Elite property leads,Manual elite inquiry flag and lead score,09B_V1_ELITE_LEADS.md,09B_V1_ELITE_LEADS.md,09B_V1_ELITE_LEADS.md,09B_V1_ELITE_LEADS.md,09B_V1_ELITE_LEADS.md,Cross-file capability,WIRED_OR_DOCUMENTED,CRITICAL,Cross-cutting capability added from PASS A domain archaeology to avoid file-level loss.
CAP-218,Matching,Developer-project matchmaking,Match property requests to developer projects,09C_V1_MATCHMAKING.md,09C_V1_MATCHMAKING.md,09C_V1_MATCHMAKING.md,09C_V1_MATCHMAKING.md,09C_V1_MATCHMAKING.md,Cross-file capability,WIRED_OR_DOCUMENTED,CRITICAL,Cross-cutting capability added from PASS A domain archaeology to avoid file-level loss.
CAP-219,Membership,Virtual token wallet,tokenBalance microtransaction capability,06_V1_FIELD_LEVEL_PRODUCT_IDEAS.md,06_V1_FIELD_LEVEL_PRODUCT_IDEAS.md,06_V1_FIELD_LEVEL_PRODUCT_IDEAS.md,06_V1_FIELD_LEVEL_PRODUCT_IDEAS.md,06_V1_FIELD_LEVEL_PRODUCT_IDEAS.md,Cross-file capability,WIRED_OR_DOCUMENTED,MAJOR,Cross-cutting capability added from PASS A domain archaeology to avoid file-level loss.
CAP-220,Membership,Promo codes and plan overrides,"Discounts, usage limits, per-tier overrides",09D_V1_MEMBERSHIP.md,09D_V1_MEMBERSHIP.md,09D_V1_MEMBERSHIP.md,09D_V1_MEMBERSHIP.md,09D_V1_MEMBERSHIP.md,Cross-file capability,WIRED_OR_DOCUMENTED,CRITICAL,Cross-cutting capability added from PASS A domain archaeology to avoid file-level loss.
CAP-221,Tools,Find My Land OCR/coordinate flow,Upload/extract/coordinates/map/export,MapMyDeed and landAnalysisService evidence,MapMyDeed and landAnalysisService evidence,MapMyDeed and landAnalysisService evidence,MapMyDeed and landAnalysisService evidence,MapMyDeed and landAnalysisService evidence,Cross-file capability,WIRED_OR_DOCUMENTED,CRITICAL,Cross-cutting capability added from PASS A domain archaeology to avoid file-level loss.
CAP-222,Tools,PDF to DOCX conversion,Upload PDF and download DOCX preserving layout,Tools archaeology,Tools archaeology,Tools archaeology,Tools archaeology,Tools archaeology,Cross-file capability,WIRED_OR_DOCUMENTED,MAJOR,Cross-cutting capability added from PASS A domain archaeology to avoid file-level loss.
CAP-223,Notifications,Cross-domain notification center,Property/chat/service/auction/admin notifications and unread state,notifications table; 03 journeys,notifications table; 03 journeys,notifications table; 03 journeys,notifications table; 03 journeys,notifications table; 03 journeys,Cross-file capability,WIRED_OR_DOCUMENTED,CRITICAL,Cross-cutting capability added from PASS A domain archaeology to avoid file-level loss.
CAP-224,Office Integration,Office pairing and device credentials,Pair/install/device authentication,desktop integration evidence,desktop integration evidence,desktop integration evidence,desktop integration evidence,desktop integration evidence,Cross-file capability,WIRED_OR_DOCUMENTED,CRITICAL,Cross-cutting capability added from PASS A domain archaeology to avoid file-level loss.
CAP-225,Office Integration,Office sync and realtime stream,Property/media/news/ads/radar sync with retry,desktop sync endpoints in PASS A,desktop sync endpoints in PASS A,desktop sync endpoints in PASS A,desktop sync endpoints in PASS A,desktop sync endpoints in PASS A,Cross-file capability,WIRED_OR_DOCUMENTED,CRITICAL,Cross-cutting capability added from PASS A domain archaeology to avoid file-level loss.
CAP-226,Admin,Admin command and analytics surface,Users/content/analytics/admin operations,09A; 55_V1_ADMIN_CONTROL_SURFACE.md,09A; 55_V1_ADMIN_CONTROL_SURFACE.md,09A; 55_V1_ADMIN_CONTROL_SURFACE.md,09A; 55_V1_ADMIN_CONTROL_SURFACE.md,09A; 55_V1_ADMIN_CONTROL_SURFACE.md,Cross-file capability,WIRED_OR_DOCUMENTED,CRITICAL,Cross-cutting capability added from PASS A domain archaeology to avoid file-level loss.
CAP-227,Geography,Smart landing URL personalization,URL aliases propagate country/governorate/city/category and analytics,32_V1_SMART_LANDING_RULEBOOK.md,32_V1_SMART_LANDING_RULEBOOK.md,32_V1_SMART_LANDING_RULEBOOK.md,32_V1_SMART_LANDING_RULEBOOK.md,32_V1_SMART_LANDING_RULEBOOK.md,Cross-file capability,WIRED_OR_DOCUMENTED,CRITICAL,Cross-cutting capability added from PASS A domain archaeology to avoid file-level loss.
CAP-228,Geography,Hierarchical geo data,Country/governorate/city/district hierarchy,V1 geo fields and smart landing,V1 geo fields and smart landing,V1 geo fields and smart landing,V1 geo fields and smart landing,V1 geo fields and smart landing,Cross-file capability,WIRED_OR_DOCUMENTED,MAJOR,Cross-cutting capability added from PASS A domain archaeology to avoid file-level loss.
CAP-229,Localization,Runtime localization delivery,Arabic/English/Turkish and dynamic values,i18n.ts; translation archaeology,i18n.ts; translation archaeology,i18n.ts; translation archaeology,i18n.ts; translation archaeology,i18n.ts; translation archaeology,Cross-file capability,WIRED_OR_DOCUMENTED,CRITICAL,Cross-cutting capability added from PASS A domain archaeology to avoid file-level loss.
CAP-230,UX,Public navigation and responsive shell,Navigation/header/footer/ads/RTL/mobile,V1 page/component coverage,V1 page/component coverage,V1 page/component coverage,V1 page/component coverage,V1 page/component coverage,Cross-file capability,WIRED_OR_DOCUMENTED,MAJOR,Cross-cutting capability added from PASS A domain archaeology to avoid file-level loss.
