"FullName","Length","LastWriteTime"
"E:\Akarpromax new 2027\V1.0\.env","522","7/9/2026 2:42:27 AM"
"E:\Akarpromax new 2027\V1.0\.env.local","11","7/6/2026 1:07:39 PM"
"E:\Akarpromax new 2027\V1.0\.gitignore","93","6/30/2026 5:28:41 AM"
"E:\Akarpromax new 2027\V1.0\DEPLOY_RUN.md","3140","7/19/2026 8:20:51 PM"
"E:\Akarpromax new 2027\V1.0\DEPLOY_STEPS.md","2823","7/19/2026 3:58:15 PM"
"E:\Akarpromax new 2027\V1.0\index.html","2798","7/22/2026 3:22:25 PM"
"E:\Akarpromax new 2027\V1.0\package.json","4978","7/12/2026 12:53:03 AM"
"E:\Akarpromax new 2027\V1.0\package-lock.json","403826","7/8/2026 6:49:11 PM"
"E:\Akarpromax new 2027\V1.0\public\.htaccess","3547","7/6/2026 10:12:25 AM"
"E:\Akarpromax new 2027\V1.0\public\assets\brand\akarpromax-logo.jpeg","169369","5/26/2026 11:35:50 PM"
"E:\Akarpromax new 2027\V1.0\public\assets\brand\join-promax-now.jpg","100305","5/26/2026 11:35:50 PM"
"E:\Akarpromax new 2027\V1.0\public\data\citiesData.json","52118","6/30/2026 9:28:59 PM"
"E:\Akarpromax new 2027\V1.0\public\favicon.svg","163","5/26/2026 11:35:50 PM"
"E:\Akarpromax new 2027\V1.0\public\icons\icon-128.png","2399","5/26/2026 11:35:50 PM"
"E:\Akarpromax new 2027\V1.0\public\icons\icon-144.png","2703","5/26/2026 11:35:50 PM"
"E:\Akarpromax new 2027\V1.0\public\icons\icon-152.png","2811","5/26/2026 11:35:50 PM"
"E:\Akarpromax new 2027\V1.0\public\icons\icon-192.png","3795","5/26/2026 11:35:50 PM"
"E:\Akarpromax new 2027\V1.0\public\icons\icon-192x192.svg","303","7/2/2026 8:45:53 PM"
"E:\Akarpromax new 2027\V1.0\public\icons\icon-384.png","9492","5/26/2026 11:35:50 PM"
"E:\Akarpromax new 2027\V1.0\public\icons\icon-512.png","14155","5/26/2026 11:35:50 PM"
"E:\Akarpromax new 2027\V1.0\public\icons\icon-512x512.svg","308","7/2/2026 8:45:54 PM"
"E:\Akarpromax new 2027\V1.0\public\icons\icon-72.png","1250","5/26/2026 11:35:50 PM"
"E:\Akarpromax new 2027\V1.0\public\icons\icon-96.png","1730","5/26/2026 11:35:50 PM"
"E:\Akarpromax new 2027\V1.0\public\manifest.json","801","7/2/2026 8:46:26 PM"
"E:\Akarpromax new 2027\V1.0\public\mockServiceWorker.js","9120","7/1/2026 4:29:25 AM"
"E:\Akarpromax new 2027\V1.0\public\offline.html","1076","5/26/2026 11:35:50 PM"
"E:\Akarpromax new 2027\V1.0\public\opengraph.jpg","101158","5/26/2026 11:35:50 PM"
"E:\Akarpromax new 2027\V1.0\public\pdf.worker.min.mjs","1232303","6/30/2026 2:36:58 AM"
"E:\Akarpromax new 2027\V1.0\public\robots.txt","67","7/1/2026 3:30:19 AM"
"E:\Akarpromax new 2027\V1.0\public\sitemap.xml","1245","7/1/2026 3:30:21 AM"
"E:\Akarpromax new 2027\V1.0\public\sw.js","1268","7/4/2026 9:30:10 PM"
"E:\Akarpromax new 2027\V1.0\README.md","0","5/28/2026 3:40:13 AM"
"E:\Akarpromax new 2027\V1.0\server\.env","512","7/4/2026 8:36:01 PM"
"E:\Akarpromax new 2027\V1.0\server\api\.env","609","7/8/2026 6:52:45 PM"
"E:\Akarpromax new 2027\V1.0\server\api\prisma\dev.db","565248","7/11/2026 2:50:41 AM"
"E:\Akarpromax new 2027\V1.0\server\api\prisma\migrate_ads_new_fields.sql","788","7/19/2026 3:55:25 PM"
"E:\Akarpromax new 2027\V1.0\server\api\prisma\migrations\20260708231014_add_interested_cities\migration.sql","45357","7/9/2026 2:10:14 AM"
"E:\Akarpromax new 2027\V1.0\server\api\prisma\migrations\migration_lock.toml","124","7/9/2026 2:10:14 AM"
"E:\Akarpromax new 2027\V1.0\server\api\prisma\schema.prisma","49603","7/22/2026 6:20:33 PM"
"E:\Akarpromax new 2027\V1.0\server\api\prisma\schema.prisma.bak.0","48650","7/11/2026 9:10:38 AM"
"E:\Akarpromax new 2027\V1.0\server\api\src\generated\prisma\client.ts","5702415","7/9/2026 2:10:17 AM"
"E:\Akarpromax new 2027\V1.0\server\api\src\generated\prisma\index.ts","27","7/9/2026 2:10:17 AM"
"E:\Akarpromax new 2027\V1.0\server\api\src\generated\prisma\libquery_engine-debian-openssl-3.0.x.so.node","16957816","7/6/2026 6:03:27 PM"
"E:\Akarpromax new 2027\V1.0\server\api\src\generated\prisma\libquery_engine-rhel-openssl-3.0.x.so.node","16957816","7/6/2026 6:03:27 PM"
"E:\Akarpromax new 2027\V1.0\server\api\src\generated\prisma\query_engine-windows.dll.node","20468736","7/3/2026 11:17:46 AM"
"E:\Akarpromax new 2027\V1.0\server\api\src\index.ts","9014","7/22/2026 4:04:28 PM"
"E:\Akarpromax new 2027\V1.0\server\api\src\middleware\auth.ts","1628","7/4/2026 8:35:14 PM"
"E:\Akarpromax new 2027\V1.0\server\api\src\routes\admin.ts","24401","7/21/2026 7:01:33 PM"
"E:\Akarpromax new 2027\V1.0\server\api\src\routes\ads.ts","8288","7/22/2026 11:42:45 PM"
"E:\Akarpromax new 2027\V1.0\server\api\src\routes\ads.ts.bak.0","6073","7/8/2026 1:39:40 AM"
"E:\Akarpromax new 2027\V1.0\server\api\src\routes\analytics.ts","667","7/3/2026 11:13:43 AM"
"E:\Akarpromax new 2027\V1.0\server\api\src\routes\auction-enhancements.ts","8741","7/4/2026 9:29:54 PM"
"E:\Akarpromax new 2027\V1.0\server\api\src\routes\auctions.ts","28017","7/5/2026 7:51:42 AM"
"E:\Akarpromax new 2027\V1.0\server\api\src\routes\auth.ts","20080","7/21/2026 7:00:25 PM"
"E:\Akarpromax new 2027\V1.0\server\api\src\routes\blog.ts","3173","7/3/2026 11:12:37 AM"
"E:\Akarpromax new 2027\V1.0\server\api\src\routes\categories.ts","2725","7/11/2026 7:14:02 AM"
"E:\Akarpromax new 2027\V1.0\server\api\src\routes\coupons.ts","2614","7/3/2026 11:12:56 AM"
"E:\Akarpromax new 2027\V1.0\server\api\src\routes\desktop.ts","10754","7/4/2026 8:35:43 PM"
"E:\Akarpromax new 2027\V1.0\server\api\src\routes\inquiries.ts","1031","7/3/2026 11:13:10 AM"
"E:\Akarpromax new 2027\V1.0\server\api\src\routes\licenses.ts","4177","7/3/2026 11:13:08 AM"
"E:\Akarpromax new 2027\V1.0\server\api\src\routes\locations.ts","1555","7/10/2026 3:05:14 PM"
"E:\Akarpromax new 2027\V1.0\server\api\src\routes\news-ticker.ts","3772","7/11/2026 9:11:53 AM"
"E:\Akarpromax new 2027\V1.0\server\api\src\routes\offices.ts","865","7/3/2026 11:11:21 AM"
"E:\Akarpromax new 2027\V1.0\server\api\src\routes\other.ts","6087","7/3/2026 11:13:52 AM"
"E:\Akarpromax new 2027\V1.0\server\api\src\routes\payments.ts","2984","7/4/2026 8:37:03 PM"
"E:\Akarpromax new 2027\V1.0\server\api\src\routes\plans.ts","1913","7/3/2026 11:12:52 AM"
"E:\Akarpromax new 2027\V1.0\server\api\src\routes\profile.ts","4393","7/21/2026 7:00:36 PM"
"E:\Akarpromax new 2027\V1.0\server\api\src\routes\properties.ts","7109","7/22/2026 6:24:12 PM"
"E:\Akarpromax new 2027\V1.0\server\api\src\routes\property-requests.ts","4491","7/9/2026 2:08:26 AM"
"E:\Akarpromax new 2027\V1.0\server\api\src\routes\relist-monitoring.ts","17224","7/5/2026 7:51:54 AM"
"E:\Akarpromax new 2027\V1.0\server\api\src\routes\service-hub.ts","11604","7/3/2026 11:13:42 AM"
"E:\Akarpromax new 2027\V1.0\server\api\src\routes\services.ts","5896","7/11/2026 7:14:20 AM"
"E:\Akarpromax new 2027\V1.0\server\api\src\routes\stats.ts","746","7/3/2026 11:14:10 AM"
"E:\Akarpromax new 2027\V1.0\server\api\src\routes\suppliers.ts","2830","7/3/2026 11:12:42 AM"
"E:\Akarpromax new 2027\V1.0\server\api\src\routes\tenders.ts","22891","7/5/2026 11:50:09 PM"
"E:\Akarpromax new 2027\V1.0\server\api\src\seed.ts","3867","7/11/2026 2:48:48 AM"
"E:\Akarpromax new 2027\V1.0\server\api\src\services\auction-contract.ts","4309","7/4/2026 8:58:42 PM"
"E:\Akarpromax new 2027\V1.0\server\api\src\services\auction-intelligence.ts","11684","7/4/2026 9:29:39 PM"
"E:\Akarpromax new 2027\V1.0\server\api\src\services\auction-socket.ts","1005","7/5/2026 7:50:51 AM"
"E:\Akarpromax new 2027\V1.0\server\api\src\services\notification-sender.ts","7737","7/9/2026 1:05:13 AM"
"E:\Akarpromax new 2027\V1.0\server\api\src\tsconfig.server.json","725","7/10/2026 2:12:39 PM"
"E:\Akarpromax new 2027\V1.0\server\chat-server.cjs","16282","6/30/2026 5:11:14 AM"
"E:\Akarpromax new 2027\V1.0\server\chat-server.ts","40077","7/8/2026 12:03:14 AM"
"E:\Akarpromax new 2027\V1.0\server\encryption.ts","1621","7/4/2026 8:35:26 PM"
"E:\Akarpromax new 2027\V1.0\server\seed-chat.ts","8302","7/1/2026 7:06:17 AM"
"E:\Akarpromax new 2027\V1.0\server\utils\installment-calculator.ts","3213","7/6/2026 12:32:50 PM"
"E:\Akarpromax new 2027\V1.0\src\api\client.ts","0","5/28/2026 3:40:12 AM"
"E:\Akarpromax new 2027\V1.0\src\api\endpoints.ts","0","5/28/2026 3:40:12 AM"
"E:\Akarpromax new 2027\V1.0\src\App.tsx","23828","7/20/2026 5:37:00 PM"
"E:\Akarpromax new 2027\V1.0\src\components\AccountSwitcher.tsx","3328","7/2/2026 5:35:27 PM"
"E:\Akarpromax new 2027\V1.0\src\components\AdBanner.tsx","6464","7/21/2026 12:54:17 PM"
"E:\Akarpromax new 2027\V1.0\src\components\AdSlot.tsx","3272","7/21/2026 4:38:09 PM"
"E:\Akarpromax new 2027\V1.0\src\components\arch\AcademicSpecialtyEngine.tsx","35483","5/26/2026 11:35:50 PM"
"E:\Akarpromax new 2027\V1.0\src\components\arch\BankingSecurityEngine.tsx","44625","5/26/2026 11:35:50 PM"
"E:\Akarpromax new 2027\V1.0\src\components\arch\BilingualPDFContract.tsx","24368","5/26/2026 11:35:50 PM"
"E:\Akarpromax new 2027\V1.0\src\components\arch\BIMViewer.tsx","13899","7/1/2026 4:41:53 AM"
"E:\Akarpromax new 2027\V1.0\src\components\arch\BOQEngine.tsx","35247","7/1/2026 4:35:35 AM"
"E:\Akarpromax new 2027\V1.0\src\components\arch\Building3DVisualizer.tsx","9183","5/26/2026 11:35:50 PM"
"E:\Akarpromax new 2027\V1.0\src\components\arch\CADGeometryEngine.ts","16313","5/26/2026 11:35:50 PM"
"E:\Akarpromax new 2027\V1.0\src\components\arch\CADParser.ts","11048","5/26/2026 11:35:50 PM"
"E:\Akarpromax new 2027\V1.0\src\components\arch\CADProcessor.tsx","24133","5/26/2026 11:35:50 PM"
"E:\Akarpromax new 2027\V1.0\src\components\arch\ClimateGeoEngine.tsx","60516","5/26/2026 11:35:50 PM"
"E:\Akarpromax new 2027\V1.0\src\components\arch\ConsultantTitleBlockPDF.tsx","12759","5/26/2026 11:35:50 PM"
"E:\Akarpromax new 2027\V1.0\src\components\arch\ConsultantValidationEngine.tsx","36420","5/26/2026 11:35:50 PM"
"E:\Akarpromax new 2027\V1.0\src\components\arch\ContractGenerator.tsx","37314","5/26/2026 11:35:50 PM"
"E:\Akarpromax new 2027\V1.0\src\components\arch\ContractPackager.tsx","19846","5/26/2026 11:35:50 PM"
"E:\Akarpromax new 2027\V1.0\src\components\arch\CostEstimator.tsx","17288","5/26/2026 11:35:50 PM"
"E:\Akarpromax new 2027\V1.0\src\components\arch\DrawingEngine.tsx","38798","5/26/2026 11:35:50 PM"
"E:\Akarpromax new 2027\V1.0\src\components\arch\DXFWriter.ts","6892","5/26/2026 11:35:50 PM"
"E:\Akarpromax new 2027\V1.0\src\components\arch\FireSafetyEngine.tsx","32586","5/26/2026 11:35:50 PM"
"E:\Akarpromax new 2027\V1.0\src\components\arch\GlobalConfiguratorPanel.tsx","62103","5/26/2026 11:35:50 PM"
"E:\Akarpromax new 2027\V1.0\src\components\arch\HighRiseStructuralEngine.tsx","26321","7/1/2026 4:36:02 AM"
"E:\Akarpromax new 2027\V1.0\src\components\arch\IndustrialEngine.tsx","25675","7/1/2026 4:36:20 AM"
"E:\Akarpromax new 2027\V1.0\src\components\arch\InstitutionalSovereignEngine.tsx","38517","5/26/2026 11:35:50 PM"
"E:\Akarpromax new 2027\V1.0\src\components\arch\K12SchoolEngine.tsx","25731","5/26/2026 11:35:50 PM"
"E:\Akarpromax new 2027\V1.0\src\components\arch\LandGeometryModule.tsx","29395","7/1/2026 4:36:31 AM"
"E:\Akarpromax new 2027\V1.0\src\components\arch\LandscapeIrrigationEngine.tsx","27365","7/6/2026 2:57:09 PM"
"E:\Akarpromax new 2027\V1.0\src\components\arch\LayerMapper.tsx","13904","5/26/2026 11:35:50 PM"
"E:\Akarpromax new 2027\V1.0\src\components\arch\MedicalGradeMEPEngine.tsx","33516","5/26/2026 11:35:50 PM"
"E:\Akarpromax new 2027\V1.0\src\components\arch\MedSpecialtyEngine.tsx","42491","7/1/2026 4:42:01 AM"
"E:\Akarpromax new 2027\V1.0\src\components\arch\MEPEngine.tsx","18570","5/26/2026 11:35:50 PM"
"E:\Akarpromax new 2027\V1.0\src\components\arch\MEPLayoutEngine.ts","5406","5/26/2026 11:35:50 PM"
"E:\Akarpromax new 2027\V1.0\src\components\arch\MosqueEngine.tsx","26759","5/26/2026 11:35:50 PM"
"E:\Akarpromax new 2027\V1.0\src\components\arch\PriceManager.tsx","21504","5/26/2026 11:35:50 PM"
"E:\Akarpromax new 2027\V1.0\src\components\arch\ProjectEnginePassport.tsx","13471","5/26/2026 11:35:50 PM"
"E:\Akarpromax new 2027\V1.0\src\components\arch\ResidentialFloorPlanDXF.ts","44781","5/26/2026 11:35:50 PM"
"E:\Akarpromax new 2027\V1.0\src\components\arch\RetailMallEngine.tsx","54288","5/26/2026 11:35:50 PM"
"E:\Akarpromax new 2027\V1.0\src\components\arch\SectionElevationEngine.ts","10973","5/26/2026 11:35:50 PM"
"E:\Akarpromax new 2027\V1.0\src\components\arch\SeismicProtectionEngine.tsx","33788","5/26/2026 11:35:50 PM"
"E:\Akarpromax new 2027\V1.0\src\components\arch\SovereignEthicsShield.tsx","9225","7/6/2026 2:57:10 PM"
"E:\Akarpromax new 2027\V1.0\src\components\arch\StructuralConfigurator.tsx","18145","5/26/2026 11:35:50 PM"
"E:\Akarpromax new 2027\V1.0\src\components\arch\UserPreferences.ts","9106","5/26/2026 11:35:50 PM"
"E:\Akarpromax new 2027\V1.0\src\components\auctions\AuctionBidForm.tsx","2498","7/4/2026 8:51:52 PM"
"E:\Akarpromax new 2027\V1.0\src\components\auctions\AuctionBidsList.tsx","3497","7/4/2026 9:01:01 PM"
"E:\Akarpromax new 2027\V1.0\src\components\auctions\AuctionCard.tsx","4418","7/4/2026 8:51:47 PM"
"E:\Akarpromax new 2027\V1.0\src\components\auctions\AuctionCountdown.tsx","2465","7/4/2026 8:51:40 PM"
"E:\Akarpromax new 2027\V1.0\src\components\auctions\AuctionReportButton.tsx","2828","7/4/2026 8:52:18 PM"
"E:\Akarpromax new 2027\V1.0\src\components\auctions\AuctionStatusBadge.tsx","1319","7/4/2026 9:13:48 PM"
"E:\Akarpromax new 2027\V1.0\src\components\auctions\AutoBidToggle.tsx","3289","7/4/2026 8:51:57 PM"
"E:\Akarpromax new 2027\V1.0\src\components\auctions\CreateAuctionForm.tsx","7436","7/4/2026 8:52:13 PM"
"E:\Akarpromax new 2027\V1.0\src\components\auctions\SaleProofForm.tsx","4948","7/4/2026 9:12:34 PM"
"E:\Akarpromax new 2027\V1.0\src\components\AuthGate.tsx","4197","6/28/2026 10:53:34 AM"
"E:\Akarpromax new 2027\V1.0\src\components\BlogCard.tsx","4135","7/1/2026 4:42:10 AM"
"E:\Akarpromax new 2027\V1.0\src\components\chat\ChatApp.tsx","1915","7/2/2026 2:28:28 AM"
"E:\Akarpromax new 2027\V1.0\src\components\chat\ChatInput.tsx","7299","7/2/2026 8:23:02 PM"
"E:\Akarpromax new 2027\V1.0\src\components\chat\ChatList.tsx","5102","7/1/2026 11:39:56 PM"
"E:\Akarpromax new 2027\V1.0\src\components\chat\ChatWidget.tsx","32262","7/2/2026 8:24:52 PM"
"E:\Akarpromax new 2027\V1.0\src\components\chat\ChatWindow.tsx","17316","7/6/2026 2:29:12 PM"
"E:\Akarpromax new 2027\V1.0\src\components\chat\MessageBubble.tsx","5171","7/2/2026 8:23:17 PM"
"E:\Akarpromax new 2027\V1.0\src\components\chat\VoiceRecorder.tsx","3757","6/30/2026 4:52:02 AM"
"E:\Akarpromax new 2027\V1.0\src\components\EliteBadge.tsx","1543","5/26/2026 11:35:50 PM"
"E:\Akarpromax new 2027\V1.0\src\components\ErrorBoundary.tsx","1161","6/30/2026 12:12:18 AM"
"E:\Akarpromax new 2027\V1.0\src\components\ForgotPasswordModal.tsx","4857","7/8/2026 7:19:16 PM"
"E:\Akarpromax new 2027\V1.0\src\components\GeoAdBanner.tsx","5433","7/21/2026 7:01:57 PM"
"E:\Akarpromax new 2027\V1.0\src\components\HeroAdsBanner.tsx","3268","7/14/2026 12:05:15 PM"
"E:\Akarpromax new 2027\V1.0\src\components\HeroSection.tsx","1301","7/14/2026 10:22:41 AM"
"E:\Akarpromax new 2027\V1.0\src\components\HeroSectionAd.tsx","1730","7/14/2026 10:22:26 AM"
"E:\Akarpromax new 2027\V1.0\src\components\HeroSlideshow.tsx","10154","7/8/2026 3:34:20 PM"
"E:\Akarpromax new 2027\V1.0\src\components\InstallPWA.tsx","1346","7/2/2026 8:45:58 PM"
"E:\Akarpromax new 2027\V1.0\src\components\InvestmentGauge.tsx","3063","5/26/2026 11:35:50 PM"
"E:\Akarpromax new 2027\V1.0\src\components\layout\AppSidebar.tsx","10598","7/8/2026 4:31:45 PM"
"E:\Akarpromax new 2027\V1.0\src\components\layout\Footer.tsx","6625","7/3/2026 1:28:01 PM"
"E:\Akarpromax new 2027\V1.0\src\components\layout\Layout.tsx","2729","7/20/2026 5:34:40 PM"
"E:\Akarpromax new 2027\V1.0\src\components\layout\Navbar.tsx","16763","7/8/2026 5:51:01 PM"
"E:\Akarpromax new 2027\V1.0\src\components\layout\NewsTicker.tsx","3616","7/11/2026 9:12:24 AM"
"E:\Akarpromax new 2027\V1.0\src\components\layout\StatsBar.tsx","1482","5/26/2026 11:35:50 PM"
"E:\Akarpromax new 2027\V1.0\src\components\LocationPicker.tsx","10409","6/30/2026 9:31:08 PM"
"E:\Akarpromax new 2027\V1.0\src\components\LoginForm.tsx","5744","7/11/2026 9:19:37 PM"
"E:\Akarpromax new 2027\V1.0\src\components\MapMyDeed.tsx","28407","6/30/2026 3:57:02 AM"
"E:\Akarpromax new 2027\V1.0\src\components\MobileStickyContact.tsx","1981","5/26/2026 11:35:50 PM"
"E:\Akarpromax new 2027\V1.0\src\components\MortgageCalculator.tsx","5625","5/26/2026 11:35:50 PM"
"E:\Akarpromax new 2027\V1.0\src\components\NotificationPermissionBanner.tsx","4011","5/26/2026 11:35:50 PM"
"E:\Akarpromax new 2027\V1.0\src\components\OfficeCard.tsx","7609","7/1/2026 4:51:10 AM"
"E:\Akarpromax new 2027\V1.0\src\components\PageHeroBanner.tsx","2189","7/6/2026 11:46:27 AM"
"E:\Akarpromax new 2027\V1.0\src\components\PageHeroGallery.tsx","10461","7/6/2026 11:46:23 AM"
"E:\Akarpromax new 2027\V1.0\src\components\PageHeroSlideshow.tsx","16188","7/19/2026 4:11:45 PM"
"E:\Akarpromax new 2027\V1.0\src\components\PageWithAds.tsx","2998","7/21/2026 4:38:59 PM"
"E:\Akarpromax new 2027\V1.0\src\components\PropertyAdBanner.tsx","4376","5/26/2026 11:35:50 PM"
"E:\Akarpromax new 2027\V1.0\src\components\PropertyCard.tsx","6676","5/26/2026 11:35:50 PM"
"E:\Akarpromax new 2027\V1.0\src\components\PropertyFinanceTools.tsx","14904","7/6/2026 11:48:42 AM"
"E:\Akarpromax new 2027\V1.0\src\components\PropertyListingForm.tsx","17141","7/6/2026 12:37:42 PM"
"E:\Akarpromax new 2027\V1.0\src\components\ProtectedRoute.tsx","1282","6/28/2026 10:53:17 AM"
"E:\Akarpromax new 2027\V1.0\src\components\RichTextEditor.tsx","6445","7/6/2026 11:57:06 AM"
"E:\Akarpromax new 2027\V1.0\src\components\RotatingAd.tsx","3529","7/8/2026 1:56:43 AM"
"E:\Akarpromax new 2027\V1.0\src\components\SaveSearchButton.tsx","4390","5/26/2026 11:35:50 PM"
"E:\Akarpromax new 2027\V1.0\src\components\SectionErrorBoundary.tsx","1703","7/1/2026 3:30:36 AM"
"E:\Akarpromax new 2027\V1.0\src\components\SeoHead.tsx","1160","7/1/2026 3:30:16 AM"
"E:\Akarpromax new 2027\V1.0\src\components\ShareButton.tsx","2335","5/26/2026 11:35:50 PM"
"E:\Akarpromax new 2027\V1.0\src\components\ShareModal.tsx","4930","5/26/2026 11:35:50 PM"
"E:\Akarpromax new 2027\V1.0\src\components\SmartLandingBanner.tsx","10267","5/26/2026 11:35:50 PM"
"E:\Akarpromax new 2027\V1.0\src\components\ThemeToggle.tsx","1162","7/2/2026 8:45:52 PM"
"E:\Akarpromax new 2027\V1.0\src\components\ui\accordion.tsx","2001","5/26/2026 11:35:50 PM"
"E:\Akarpromax new 2027\V1.0\src\components\ui\alert.tsx","1598","5/26/2026 11:35:50 PM"
"E:\Akarpromax new 2027\V1.0\src\components\ui\alert-dialog.tsx","4419","5/26/2026 11:35:50 PM"
"E:\Akarpromax new 2027\V1.0\src\components\ui\aspect-ratio.tsx","140","5/26/2026 11:35:50 PM"
"E:\Akarpromax new 2027\V1.0\src\components\ui\avatar.tsx","1419","5/26/2026 11:35:50 PM"
"E:\Akarpromax new 2027\V1.0\src\components\ui\badge.tsx","1522","5/26/2026 11:35:50 PM"
"E:\Akarpromax new 2027\V1.0\src\components\ui\breadcrumb.tsx","2712","5/26/2026 11:35:50 PM"
"E:\Akarpromax new 2027\V1.0\src\components\ui\button.tsx","2356","5/26/2026 11:35:50 PM"
"E:\Akarpromax new 2027\V1.0\src\components\ui\button-group.tsx","2209","5/26/2026 11:35:50 PM"
"E:\Akarpromax new 2027\V1.0\src\components\ui\calendar.tsx","7569","5/26/2026 11:35:50 PM"
"E:\Akarpromax new 2027\V1.0\src\components\ui\card.tsx","1828","5/26/2026 11:35:50 PM"
"E:\Akarpromax new 2027\V1.0\src\components\ui\carousel.tsx","6210","5/26/2026 11:35:50 PM"
"E:\Akarpromax new 2027\V1.0\src\components\ui\chart.tsx","10763","5/26/2026 11:35:50 PM"
"E:\Akarpromax new 2027\V1.0\src\components\ui\checkbox.tsx","1031","5/26/2026 11:35:50 PM"
"E:\Akarpromax new 2027\V1.0\src\components\ui\collapsible.tsx","329","5/26/2026 11:35:50 PM"
"E:\Akarpromax new 2027\V1.0\src\components\ui\command.tsx","4887","5/26/2026 11:35:50 PM"
"E:\Akarpromax new 2027\V1.0\src\components\ui\context-menu.tsx","7406","5/26/2026 11:35:50 PM"
"E:\Akarpromax new 2027\V1.0\src\components\ui\dialog.tsx","3864","7/21/2026 2:46:23 PM"
"E:\Akarpromax new 2027\V1.0\src\components\ui\drawer.tsx","3007","5/26/2026 11:35:50 PM"
"E:\Akarpromax new 2027\V1.0\src\components\ui\dropdown-menu.tsx","7606","5/26/2026 11:35:50 PM"
"E:\Akarpromax new 2027\V1.0\src\components\ui\empty.tsx","2396","5/26/2026 11:35:50 PM"
"E:\Akarpromax new 2027\V1.0\src\components\ui\field.tsx","6044","5/26/2026 11:35:50 PM"
"E:\Akarpromax new 2027\V1.0\src\components\ui\form.tsx","4175","5/26/2026 11:35:50 PM"
"E:\Akarpromax new 2027\V1.0\src\components\ui\hover-card.tsx","1237","5/26/2026 11:35:50 PM"
"E:\Akarpromax new 2027\V1.0\src\components\ui\input.tsx","768","5/26/2026 11:35:50 PM"
"E:\Akarpromax new 2027\V1.0\src\components\ui\input-group.tsx","4971","5/26/2026 11:35:50 PM"
"E:\Akarpromax new 2027\V1.0\src\components\ui\input-otp.tsx","2143","5/26/2026 11:35:50 PM"
"E:\Akarpromax new 2027\V1.0\src\components\ui\item.tsx","4494","5/26/2026 11:35:50 PM"
"E:\Akarpromax new 2027\V1.0\src\components\ui\kbd.tsx","862","5/26/2026 11:35:50 PM"
"E:\Akarpromax new 2027\V1.0\src\components\ui\label.tsx","724","5/26/2026 11:35:50 PM"
"E:\Akarpromax new 2027\V1.0\src\components\ui\menubar.tsx","8608","5/26/2026 11:35:50 PM"
"E:\Akarpromax new 2027\V1.0\src\components\ui\navigation-menu.tsx","5124","5/26/2026 11:35:50 PM"
"E:\Akarpromax new 2027\V1.0\src\components\ui\pagination.tsx","2751","5/26/2026 11:35:50 PM"
"E:\Akarpromax new 2027\V1.0\src\components\ui\popover.tsx","1342","5/26/2026 11:35:50 PM"
"E:\Akarpromax new 2027\V1.0\src\components\ui\progress.tsx","792","5/26/2026 11:35:50 PM"
"E:\Akarpromax new 2027\V1.0\src\components\ui\radio-group.tsx","1410","5/26/2026 11:35:50 PM"
"E:\Akarpromax new 2027\V1.0\src\components\ui\resizable.tsx","1723","5/26/2026 11:35:50 PM"
"E:\Akarpromax new 2027\V1.0\src\components\ui\scroll-area.tsx","1642","5/26/2026 11:35:50 PM"
"E:\Akarpromax new 2027\V1.0\src\components\ui\select.tsx","6111","5/26/2026 11:35:50 PM"
"E:\Akarpromax new 2027\V1.0\src\components\ui\separator.tsx","756","5/26/2026 11:35:50 PM"
"E:\Akarpromax new 2027\V1.0\src\components\ui\sheet.tsx","4280","5/26/2026 11:35:50 PM"
"E:\Akarpromax new 2027\V1.0\src\components\ui\sidebar.tsx","21846","5/26/2026 11:35:50 PM"
"E:\Akarpromax new 2027\V1.0\src\components\ui\skeleton.tsx","266","5/26/2026 11:35:50 PM"
"E:\Akarpromax new 2027\V1.0\src\components\ui\slider.tsx","1037","5/26/2026 11:35:50 PM"
"E:\Akarpromax new 2027\V1.0\src\components\ui\sonner.tsx","894","5/26/2026 11:35:50 PM"
"E:\Akarpromax new 2027\V1.0\src\components\ui\spinner.tsx","331","5/26/2026 11:35:50 PM"
"E:\Akarpromax new 2027\V1.0\src\components\ui\switch.tsx","1148","5/26/2026 11:35:50 PM"
"E:\Akarpromax new 2027\V1.0\src\components\ui\table.tsx","2859","5/26/2026 11:35:50 PM"
"E:\Akarpromax new 2027\V1.0\src\components\ui\tabs.tsx","1877","5/26/2026 11:35:50 PM"
"E:\Akarpromax new 2027\V1.0\src\components\ui\textarea.tsx","649","5/26/2026 11:35:50 PM"
"E:\Akarpromax new 2027\V1.0\src\components\ui\toast.tsx","4845","5/26/2026 11:35:50 PM"
"E:\Akarpromax new 2027\V1.0\src\components\ui\toaster.tsx","772","5/26/2026 11:35:50 PM"
"E:\Akarpromax new 2027\V1.0\src\components\ui\toggle.tsx","1486","5/26/2026 11:35:50 PM"
"E:\Akarpromax new 2027\V1.0\src\components\ui\toggle-group.tsx","1753","5/26/2026 11:35:50 PM"
"E:\Akarpromax new 2027\V1.0\src\components\ui\tooltip.tsx","1267","5/26/2026 11:35:50 PM"
"E:\Akarpromax new 2027\V1.0\src\components\UnifiedInbox.tsx","23148","7/2/2026 9:06:46 PM"
"E:\Akarpromax new 2027\V1.0\src\components\WelcomeBanner.tsx","1436","5/26/2026 11:35:50 PM"
"E:\Akarpromax new 2027\V1.0\src\config\constants.ts","334","7/1/2026 5:03:54 AM"
"E:\Akarpromax new 2027\V1.0\src\contexts\AuthContext.tsx","7340","7/21/2026 4:17:14 PM"
"E:\Akarpromax new 2027\V1.0\src\contexts\ChatContext.tsx","13947","7/5/2026 7:51:19 AM"
"E:\Akarpromax new 2027\V1.0\src\contexts\ChatSettingsContext.tsx","1726","7/1/2026 11:38:40 PM"
"E:\Akarpromax new 2027\V1.0\src\contexts\CompanyContext.tsx","3923","7/2/2026 5:35:53 PM"
"E:\Akarpromax new 2027\V1.0\src\contexts\GeoAdsContext.tsx","3187","7/19/2026 3:54:06 PM"
"E:\Akarpromax new 2027\V1.0\src\contexts\GeoAdsContext.tsx.bak.0","3180","7/8/2026 2:22:25 PM"
"E:\Akarpromax new 2027\V1.0\src\contexts\GeoContext.tsx","5894","7/8/2026 1:43:06 AM"
"E:\Akarpromax new 2027\V1.0\src\contexts\LocationContext.tsx","19425","6/30/2026 9:30:52 PM"
"E:\Akarpromax new 2027\V1.0\src\contexts\LoginModalContext.tsx","2329","7/21/2026 2:37:23 PM"
"E:\Akarpromax new 2027\V1.0\src\contexts\SidebarContext.tsx","1064","5/26/2026 11:35:50 PM"
"E:\Akarpromax new 2027\V1.0\src\data\heroSlides.ts","1975","7/8/2026 3:32:51 PM"
"E:\Akarpromax new 2027\V1.0\src\generated\prisma\browser.ts","1593","6/30/2026 5:38:11 AM"
"E:\Akarpromax new 2027\V1.0\src\generated\prisma\client.ts","2547","6/30/2026 5:38:11 AM"
"E:\Akarpromax new 2027\V1.0\src\generated\prisma\commonInputTypes.ts","18192","6/30/2026 5:38:11 AM"
"E:\Akarpromax new 2027\V1.0\src\generated\prisma\enums.ts","336","6/30/2026 5:38:11 AM"
"E:\Akarpromax new 2027\V1.0\src\generated\prisma\internal\class.ts","58873","6/30/2026 5:38:11 AM"
"E:\Akarpromax new 2027\V1.0\src\generated\prisma\internal\prismaNamespace.ts","42071","6/30/2026 5:38:11 AM"
"E:\Akarpromax new 2027\V1.0\src\generated\prisma\internal\prismaNamespaceBrowser.ts","5346","6/30/2026 5:38:11 AM"
"E:\Akarpromax new 2027\V1.0\src\generated\prisma\models.ts","654","6/30/2026 5:38:11 AM"
"E:\Akarpromax new 2027\V1.0\src\generated\prisma\models\Conversation.ts","73951","6/30/2026 5:38:11 AM"
"E:\Akarpromax new 2027\V1.0\src\generated\prisma\models\ConversationParticipant.ts","71605","6/30/2026 5:38:11 AM"
"E:\Akarpromax new 2027\V1.0\src\generated\prisma\models\Message.ts","96060","6/30/2026 5:38:11 AM"
"E:\Akarpromax new 2027\V1.0\src\generated\prisma\models\MessageReadReceipt.ts","62431","6/30/2026 5:38:11 AM"
"E:\Akarpromax new 2027\V1.0\src\generated\prisma\models\ModerationAccessLog.ts","66048","6/30/2026 5:38:11 AM"
"E:\Akarpromax new 2027\V1.0\src\generated\prisma\models\ModerationRequest.ts","82023","6/30/2026 5:38:11 AM"
"E:\Akarpromax new 2027\V1.0\src\generated\prisma\models\User.ts","84474","6/30/2026 5:38:11 AM"
"E:\Akarpromax new 2027\V1.0\src\hooks\useAuth.tsx","0","5/28/2026 3:40:12 AM"
"E:\Akarpromax new 2027\V1.0\src\hooks\useCurrency.ts","3311","5/26/2026 11:35:50 PM"
"E:\Akarpromax new 2027\V1.0\src\hooks\useDateFormat.ts","818","7/1/2026 4:29:56 AM"
"E:\Akarpromax new 2027\V1.0\src\hooks\useEnterKeyNavigation.ts","4806","5/26/2026 11:35:50 PM"
"E:\Akarpromax new 2027\V1.0\src\hooks\useFavorites.ts","728","7/2/2026 8:38:44 PM"
"E:\Akarpromax new 2027\V1.0\src\hooks\useHeroSliders.ts","10905","7/8/2026 3:29:48 PM"
"E:\Akarpromax new 2027\V1.0\src\hooks\useLanguage.ts","640","5/26/2026 11:35:50 PM"
"E:\Akarpromax new 2027\V1.0\src\hooks\use-mobile.tsx","565","5/26/2026 11:35:50 PM"
"E:\Akarpromax new 2027\V1.0\src\hooks\usePushNotifications.ts","3347","7/1/2026 4:38:08 AM"
"E:\Akarpromax new 2027\V1.0\src\hooks\useRingtone.ts","4939","5/26/2026 11:35:50 PM"
"E:\Akarpromax new 2027\V1.0\src\hooks\useSmartLanding.ts","8112","7/22/2026 3:32:07 PM"
"E:\Akarpromax new 2027\V1.0\src\hooks\useTheme.ts","2047","7/2/2026 8:45:49 PM"
"E:\Akarpromax new 2027\V1.0\src\hooks\use-toast.ts","3895","5/26/2026 11:35:50 PM"
"E:\Akarpromax new 2027\V1.0\src\index.css","16406","7/20/2026 5:35:26 PM"
"E:\Akarpromax new 2027\V1.0\src\lib\adLocations.ts","1446","7/8/2026 1:38:56 AM"
"E:\Akarpromax new 2027\V1.0\src\lib\api.ts","55166","7/21/2026 7:00:55 PM"
"E:\Akarpromax new 2027\V1.0\src\lib\arabCountries.ts","21671","7/10/2026 3:08:23 PM"
"E:\Akarpromax new 2027\V1.0\src\lib\artisanData.ts","15001","7/2/2026 8:28:51 PM"
"E:\Akarpromax new 2027\V1.0\src\lib\chatNotifications.ts","1048","7/1/2026 11:38:46 PM"
"E:\Akarpromax new 2027\V1.0\src\lib\citiesData.json","19704","7/10/2026 3:07:35 PM"
"E:\Akarpromax new 2027\V1.0\src\lib\citiesData.ts","223","7/8/2026 5:42:37 AM"
"E:\Akarpromax new 2027\V1.0\src\lib\i18n.ts","1631","5/26/2026 11:35:50 PM"
"E:\Akarpromax new 2027\V1.0\src\lib\locationsData.json","25663","7/10/2026 3:04:59 PM"
"E:\Akarpromax new 2027\V1.0\src\lib\routePrefetch.ts","5523","7/1/2026 4:28:36 AM"
"E:\Akarpromax new 2027\V1.0\src\lib\scrollUtils.ts","946","7/20/2026 5:36:51 PM"
"E:\Akarpromax new 2027\V1.0\src\lib\sessionId.ts","381","5/26/2026 11:35:50 PM"
"E:\Akarpromax new 2027\V1.0\src\lib\updateAd.ts","2464","7/21/2026 4:37:57 PM"
"E:\Akarpromax new 2027\V1.0\src\lib\utils.ts","1994","5/26/2026 11:35:50 PM"
"E:\Akarpromax new 2027\V1.0\src\lib\workspace-api-client-stub.ts","13780","7/21/2026 7:01:05 PM"
"E:\Akarpromax new 2027\V1.0\src\locales\ar.json","49364","7/11/2026 9:17:02 AM"
"E:\Akarpromax new 2027\V1.0\src\locales\en.json","41427","7/11/2026 9:17:09 AM"
"E:\Akarpromax new 2027\V1.0\src\main.tsx","2834","7/21/2026 4:38:33 PM"
"E:\Akarpromax new 2027\V1.0\src\mocks\browser.ts","131","7/1/2026 4:31:56 AM"
"E:\Akarpromax new 2027\V1.0\src\mocks\data.ts","25942","7/6/2026 2:57:08 PM"
"E:\Akarpromax new 2027\V1.0\src\mocks\handlers.ts","54707","7/21/2026 7:06:09 PM"
"E:\Akarpromax new 2027\V1.0\src\pages\About.tsx","19302","7/8/2026 4:18:33 PM"
"E:\Akarpromax new 2027\V1.0\src\pages\AdminActivityLog.tsx","8577","7/6/2026 2:56:33 PM"
"E:\Akarpromax new 2027\V1.0\src\pages\AdminAds.tsx","120362","7/22/2026 11:43:30 PM"
"E:\Akarpromax new 2027\V1.0\src\pages\AdminAds.tsx.bak.0","111453","7/19/2026 9:13:53 AM"
"E:\Akarpromax new 2027\V1.0\src\pages\AdminAnalytics.tsx","24268","7/6/2026 2:56:18 PM"
"E:\Akarpromax new 2027\V1.0\src\pages\AdminArtisans.tsx","14790","7/2/2026 9:21:47 PM"
"E:\Akarpromax new 2027\V1.0\src\pages\AdminAuctions.tsx","16289","7/4/2026 8:57:08 PM"
"E:\Akarpromax new 2027\V1.0\src\pages\AdminBlog.tsx","15911","7/6/2026 1:40:48 PM"
"E:\Akarpromax new 2027\V1.0\src\pages\AdminCategories.tsx","9867","7/11/2026 7:14:47 AM"
"E:\Akarpromax new 2027\V1.0\src\pages\AdminChat.tsx","36444","7/1/2026 4:31:45 AM"
"E:\Akarpromax new 2027\V1.0\src\pages\AdminContent.tsx","18838","7/6/2026 2:55:36 PM"
"E:\Akarpromax new 2027\V1.0\src\pages\AdminDiscounts.tsx","20393","7/6/2026 2:56:17 PM"
"E:\Akarpromax new 2027\V1.0\src\pages\AdminEliteLeads.tsx","9429","7/6/2026 2:56:19 PM"
"E:\Akarpromax new 2027\V1.0\src\pages\AdminEmperor.tsx","23388","7/6/2026 2:56:17 PM"
"E:\Akarpromax new 2027\V1.0\src\pages\AdminFreeResources.tsx","10047","7/21/2026 7:02:56 PM"
"E:\Akarpromax new 2027\V1.0\src\pages\AdminLicenseKeys.tsx","29133","7/6/2026 3:01:33 PM"
"E:\Akarpromax new 2027\V1.0\src\pages\AdminLookups.tsx","19175","7/6/2026 2:55:56 PM"
"E:\Akarpromax new 2027\V1.0\src\pages\AdminMarketRates.tsx","14766","7/6/2026 2:56:32 PM"
"E:\Akarpromax new 2027\V1.0\src\pages\AdminMatchmaking.tsx","8989","7/6/2026 2:56:12 PM"
"E:\Akarpromax new 2027\V1.0\src\pages\AdminMembership.tsx","30129","7/21/2026 4:17:53 PM"
"E:\Akarpromax new 2027\V1.0\src\pages\AdminModerators.tsx","31925","7/6/2026 2:56:24 PM"
"E:\Akarpromax new 2027\V1.0\src\pages\AdminNewsTicker.tsx","18994","7/11/2026 9:12:55 AM"
"E:\Akarpromax new 2027\V1.0\src\pages\AdminNotifications.tsx","11459","7/2/2026 9:24:33 PM"
"E:\Akarpromax new 2027\V1.0\src\pages\AdminPayments.tsx","25041","7/6/2026 2:56:19 PM"
"E:\Akarpromax new 2027\V1.0\src\pages\AdminPlans.tsx","23681","7/6/2026 2:56:12 PM"
"E:\Akarpromax new 2027\V1.0\src\pages\AdminProperties.tsx","27047","7/8/2026 6:00:24 PM"
"E:\Akarpromax new 2027\V1.0\src\pages\AdminRelistMonitoring.tsx","19913","7/4/2026 9:34:15 PM"
"E:\Akarpromax new 2027\V1.0\src\pages\AdminReports.tsx","18306","7/2/2026 9:25:03 PM"
"E:\Akarpromax new 2027\V1.0\src\pages\AdminSEO.tsx","36186","7/6/2026 2:55:31 PM"
"E:\Akarpromax new 2027\V1.0\src\pages\AdminServiceMarket.tsx","18543","7/23/2026 6:39:29 AM"
"E:\Akarpromax new 2027\V1.0\src\pages\AdminServiceReviews.tsx","15928","7/6/2026 2:56:06 PM"
"E:\Akarpromax new 2027\V1.0\src\pages\AdminSettings.tsx","27600","7/6/2026 2:55:30 PM"
"E:\Akarpromax new 2027\V1.0\src\pages\AdminSoftwareLicenses.tsx","15709","7/6/2026 2:56:18 PM"
"E:\Akarpromax new 2027\V1.0\src\pages\AdminTenders.tsx","5926","7/5/2026 11:30:30 PM"
"E:\Akarpromax new 2027\V1.0\src\pages\AdminTickets.tsx","23214","7/2/2026 9:26:38 PM"
"E:\Akarpromax new 2027\V1.0\src\pages\AdminUsers.tsx","68748","7/21/2026 4:22:05 PM"
"E:\Akarpromax new 2027\V1.0\src\pages\AdminUsersPage.tsx","0","5/28/2026 3:40:12 AM"
"E:\Akarpromax new 2027\V1.0\src\pages\AdminVerification.tsx","12714","7/6/2026 3:11:53 PM"
"E:\Akarpromax new 2027\V1.0\src\pages\Advertise.tsx","22446","7/21/2026 4:46:12 PM"
"E:\Akarpromax new 2027\V1.0\src\pages\ArchitecturalConsultant.tsx","174449","7/6/2026 2:56:04 PM"
"E:\Akarpromax new 2027\V1.0\src\pages\ArtisanDashboard.tsx","21694","7/6/2026 2:55:56 PM"
"E:\Akarpromax new 2027\V1.0\src\pages\AuctionDetail.tsx","20074","7/4/2026 8:56:15 PM"
"E:\Akarpromax new 2027\V1.0\src\pages\AuctionFAQ.tsx","12406","7/4/2026 8:54:23 PM"
"E:\Akarpromax new 2027\V1.0\src\pages\AuctionHistory.tsx","8413","7/4/2026 9:33:00 PM"
"E:\Akarpromax new 2027\V1.0\src\pages\Auctions.tsx","9760","7/4/2026 8:55:50 PM"
"E:\Akarpromax new 2027\V1.0\src\pages\AuctionStats.tsx","9955","7/4/2026 9:32:45 PM"
"E:\Akarpromax new 2027\V1.0\src\pages\AuctionTerms.tsx","12886","7/4/2026 8:54:00 PM"
"E:\Akarpromax new 2027\V1.0\src\pages\Blog.tsx","9352","7/6/2026 2:55:49 PM"
"E:\Akarpromax new 2027\V1.0\src\pages\BlogPostDetail.tsx","12507","7/6/2026 2:55:44 PM"
"E:\Akarpromax new 2027\V1.0\src\pages\BuyLicense.tsx","27880","7/6/2026 2:56:39 PM"
"E:\Akarpromax new 2027\V1.0\src\pages\ConsultantDashboard.tsx","21850","7/6/2026 2:57:08 PM"
"E:\Akarpromax new 2027\V1.0\src\pages\Contact.tsx","5948","7/6/2026 2:55:43 PM"
"E:\Akarpromax new 2027\V1.0\src\pages\CreateCompany.tsx","6026","7/2/2026 5:35:03 PM"
"E:\Akarpromax new 2027\V1.0\src\pages\Dashboard.tsx","26938","7/21/2026 4:17:36 PM"
"E:\Akarpromax new 2027\V1.0\src\pages\DashboardAuctions.tsx","13204","7/4/2026 9:13:40 PM"
"E:\Akarpromax new 2027\V1.0\src\pages\DashboardBids.tsx","9946","7/4/2026 8:56:46 PM"
"E:\Akarpromax new 2027\V1.0\src\pages\DashboardPage.tsx","0","5/28/2026 3:40:12 AM"
"E:\Akarpromax new 2027\V1.0\src\pages\DashboardProfile.tsx","9616","7/8/2026 7:57:47 PM"
"E:\Akarpromax new 2027\V1.0\src\pages\DashboardTenderBids.tsx","5084","7/5/2026 11:30:18 PM"
"E:\Akarpromax new 2027\V1.0\src\pages\DashboardTenders.tsx","7226","7/5/2026 11:30:07 PM"
"E:\Akarpromax new 2027\V1.0\src\pages\DevLogin.tsx","3175","7/21/2026 4:22:13 PM"
"E:\Akarpromax new 2027\V1.0\src\pages\Download.tsx","23573","7/6/2026 2:55:50 PM"
"E:\Akarpromax new 2027\V1.0\src\pages\Estates.tsx","19185","7/21/2026 6:59:14 PM"
"E:\Akarpromax new 2027\V1.0\src\pages\FreeResources.tsx","24415","7/6/2026 2:55:43 PM"
"E:\Akarpromax new 2027\V1.0\src\pages\Home.tsx","8790","7/21/2026 6:58:08 PM"
"E:\Akarpromax new 2027\V1.0\src\pages\InboxPage.tsx","543","7/6/2026 2:55:57 PM"
"E:\Akarpromax new 2027\V1.0\src\pages\InvestmentRadar.tsx","24365","7/6/2026 2:56:45 PM"
"E:\Akarpromax new 2027\V1.0\src\pages\JoinFounders.tsx","21559","7/8/2026 4:18:38 PM"
"E:\Akarpromax new 2027\V1.0\src\pages\LandingCorporates.tsx","9255","7/6/2026 2:56:39 PM"
"E:\Akarpromax new 2027\V1.0\src\pages\LandingOffices.tsx","13222","7/6/2026 2:56:40 PM"
"E:\Akarpromax new 2027\V1.0\src\pages\LandingProfessionals.tsx","8574","7/6/2026 2:56:45 PM"
"E:\Akarpromax new 2027\V1.0\src\pages\Login.tsx","6312","7/4/2026 8:01:08 PM"
"E:\Akarpromax new 2027\V1.0\src\pages\marketer\AdminMarketers.tsx","18985","7/6/2026 4:10:32 PM"
"E:\Akarpromax new 2027\V1.0\src\pages\marketer\AdvertiserContracts.tsx","6733","7/6/2026 4:09:58 PM"
"E:\Akarpromax new 2027\V1.0\src\pages\marketer\AdvertiserProposals.tsx","6915","7/6/2026 4:09:44 PM"
"E:\Akarpromax new 2027\V1.0\src\pages\marketer\AvailableProperties.tsx","7475","7/6/2026 4:09:03 PM"
"E:\Akarpromax new 2027\V1.0\src\pages\marketer\MarketerContracts.tsx","6920","7/6/2026 4:09:30 PM"
"E:\Akarpromax new 2027\V1.0\src\pages\marketer\MarketerProfile.tsx","7906","7/6/2026 4:08:49 PM"
"E:\Akarpromax new 2027\V1.0\src\pages\marketer\MarketerProposals.tsx","4408","7/6/2026 4:09:15 PM"
"E:\Akarpromax new 2027\V1.0\src\pages\marketer\MarketerRegister.tsx","10639","7/6/2026 4:08:32 PM"
"E:\Akarpromax new 2027\V1.0\src\pages\MarketHistory.tsx","14182","7/6/2026 2:56:46 PM"
"E:\Akarpromax new 2027\V1.0\src\pages\Messages.tsx","725","7/2/2026 2:28:23 AM"
"E:\Akarpromax new 2027\V1.0\src\pages\ModeratorPanel.tsx","8940","7/6/2026 2:56:37 PM"
"E:\Akarpromax new 2027\V1.0\src\pages\MyCompanies.tsx","7806","7/2/2026 5:35:19 PM"
"E:\Akarpromax new 2027\V1.0\src\pages\MyPropertyRequests.tsx","12451","7/6/2026 2:56:32 PM"
"E:\Akarpromax new 2027\V1.0\src\pages\MyServiceDashboard.tsx","27027","7/6/2026 2:56:31 PM"
"E:\Akarpromax new 2027\V1.0\src\pages\not-found.tsx","1105","7/6/2026 2:56:54 PM"
"E:\Akarpromax new 2027\V1.0\src\pages\OfficeDetail.tsx","12637","7/6/2026 2:55:58 PM"
"E:\Akarpromax new 2027\V1.0\src\pages\OfficeRequests.tsx","11112","7/6/2026 2:56:31 PM"
"E:\Akarpromax new 2027\V1.0\src\pages\Offices.tsx","20840","7/6/2026 2:55:42 PM"
"E:\Akarpromax new 2027\V1.0\src\pages\OtherServices.tsx","14329","7/8/2026 4:18:27 PM"
"E:\Akarpromax new 2027\V1.0\src\pages\PartnerDashboard.tsx","27998","7/6/2026 2:56:10 PM"
"E:\Akarpromax new 2027\V1.0\src\pages\PartnerPortal.tsx","7202","7/6/2026 2:56:59 PM"
"E:\Akarpromax new 2027\V1.0\src\pages\PaymentReturn.tsx","5667","7/6/2026 2:56:30 PM"
"E:\Akarpromax new 2027\V1.0\src\pages\Pricing.tsx","16419","7/6/2026 2:56:26 PM"
"E:\Akarpromax new 2027\V1.0\src\pages\PricingComingSoon.tsx","3588","7/6/2026 2:56:53 PM"
"E:\Akarpromax new 2027\V1.0\src\pages\Privacy.tsx","16139","7/6/2026 2:56:47 PM"
"E:\Akarpromax new 2027\V1.0\src\pages\Profile.tsx","42854","7/6/2026 3:11:46 PM"
"E:\Akarpromax new 2027\V1.0\src\pages\ProfilePage.tsx","9492","7/8/2026 7:57:25 PM"
"E:\Akarpromax new 2027\V1.0\src\pages\ProjectVerify.tsx","9537","7/6/2026 2:56:10 PM"
"E:\Akarpromax new 2027\V1.0\src\pages\Properties.tsx","94424","7/16/2026 4:56:59 AM"
"E:\Akarpromax new 2027\V1.0\src\pages\PropertyDetail.tsx","45387","7/22/2026 8:38:13 PM"
"E:\Akarpromax new 2027\V1.0\src\pages\Register.tsx","48574","7/25/2026 2:05:39 PM"
"E:\Akarpromax new 2027\V1.0\src\pages\ResetPassword.tsx","5820","7/8/2026 7:04:39 PM"
"E:\Akarpromax new 2027\V1.0\src\pages\ServiceDetail.tsx","10242","7/6/2026 2:56:52 PM"
"E:\Akarpromax new 2027\V1.0\src\pages\ServiceHub.tsx","124296","7/16/2026 8:28:51 AM"
"E:\Akarpromax new 2027\V1.0\src\pages\ServiceHubPage.tsx","0","5/28/2026 3:40:12 AM"
"E:\Akarpromax new 2027\V1.0\src\pages\Software.tsx","10567","7/6/2026 2:56:04 PM"
"E:\Akarpromax new 2027\V1.0\src\pages\SubmitProperty.tsx","28193","7/22/2026 6:23:32 PM"
"E:\Akarpromax new 2027\V1.0\src\pages\Subscribe.tsx","40530","7/6/2026 2:56:03 PM"
"E:\Akarpromax new 2027\V1.0\src\pages\SupplierDetail.tsx","7263","7/6/2026 2:56:53 PM"
"E:\Akarpromax new 2027\V1.0\src\pages\Suppliers.tsx","12955","7/6/2026 2:55:59 PM"
"E:\Akarpromax new 2027\V1.0\src\pages\TechnicianInbox.tsx","34171","7/6/2026 2:56:25 PM"
"E:\Akarpromax new 2027\V1.0\src\pages\TechnicianSettings.tsx","12930","7/6/2026 2:56:26 PM"
"E:\Akarpromax new 2027\V1.0\src\pages\TenderCreate.tsx","8177","7/5/2026 11:30:48 PM"
"E:\Akarpromax new 2027\V1.0\src\pages\TenderDetail.tsx","19891","7/5/2026 11:29:51 PM"
"E:\Akarpromax new 2027\V1.0\src\pages\Tenders.tsx","10919","7/5/2026 11:29:17 PM"
"E:\Akarpromax new 2027\V1.0\src\pages\Terms.tsx","10713","7/6/2026 2:56:47 PM"
"E:\Akarpromax new 2027\V1.0\src\pages\Tools.tsx","108357","7/19/2026 9:05:25 AM"
"E:\Akarpromax new 2027\V1.0\src\pages\UpgradeToArtisan.tsx","10452","7/24/2026 7:53:03 PM"
"E:\Akarpromax new 2027\V1.0\src\pages\VehicleServices.tsx","51358","7/6/2026 2:56:05 PM"
"E:\Akarpromax new 2027\V1.0\src\pages\VerifyEmail.tsx","3513","7/11/2026 9:18:31 PM"
"E:\Akarpromax new 2027\V1.0\src\pages\VerifyLicense.tsx","7676","7/6/2026 2:56:38 PM"
"E:\Akarpromax new 2027\V1.0\src\pages\WriteBlog.tsx","7874","7/6/2026 2:55:45 PM"
"E:\Akarpromax new 2027\V1.0\src\pwa.ts","778","7/2/2026 8:45:56 PM"
"E:\Akarpromax new 2027\V1.0\src\services\auditService.ts","1427","6/27/2026 12:23:36 AM"
"E:\Akarpromax new 2027\V1.0\src\services\chatAdminService.ts","935","7/1/2026 4:30:33 AM"
"E:\Akarpromax new 2027\V1.0\src\services\dxfExportService.ts","9367","6/27/2026 12:20:14 AM"
"E:\Akarpromax new 2027\V1.0\src\services\imagePreprocessor.ts","8716","6/23/2026 2:15:39 PM"
"E:\Akarpromax new 2027\V1.0\src\services\landAnalysisService.ts","26618","7/1/2026 4:49:20 AM"
"E:\Akarpromax new 2027\V1.0\src\services\ocrProcessor.ts","3832","7/1/2026 4:46:32 AM"
"E:\Akarpromax new 2027\V1.0\src\services\onnxProcessor.ts","4233","6/9/2026 1:19:51 AM"
"E:\Akarpromax new 2027\V1.0\src\services\pdfProcessor.ts","1778","7/1/2026 4:37:17 AM"
"E:\Akarpromax new 2027\V1.0\src\types\chat.ts","893","7/1/2026 4:27:21 AM"
"E:\Akarpromax new 2027\V1.0\src\types\index.ts","0","5/28/2026 3:40:12 AM"
"E:\Akarpromax new 2027\V1.0\start-local.bat","309","5/28/2026 3:40:13 AM"
"E:\Akarpromax new 2027\V1.0\tsconfig.json","686","7/12/2026 12:52:48 AM"
"E:\Akarpromax new 2027\V1.0\V1.0.rar","19851222","7/28/2026 3:22:24 PM"
"E:\Akarpromax new 2027\V1.0\vite.config.ts","31989","7/11/2026 2:49:17 AM"
